name,team,position,ρ_β,ω_α,ω_β,ψ_α,ψ_β
Femi Seriki,17,DEF,"[0.25,1.25,1.5 ]",0.0,6.0,0.0,6.0
Jack Hinshelwood,5,MID,"[ 0.25, 1.25,22.5 ]",0.0,6.0,0.0,6.0
Jadon Sancho,14,MID,"[31.25,24.25,21.5 ]",9.0,51.0,7.0,53.0
Rhys Norrington-Davies,17,DEF,"[0.25,0.25,0.5 ]",0.0,5.0,0.0,5.0
Vitaly Janelt,4,MID,"[40.25,26.25,10.5 ]",7.0,64.0,1.0,70.0
IonuÃÂÃÂ Radu,3,GK,"[0.25,0.25,0.5 ]",0.0,5.0,0.0,5.0
Andre Brooks,17,MID,"[0.25,0.25,0.5 ]",0.0,5.0,0.0,5.0
Jack Grealish,13,MID,"[99.25,17.25,36.5 ]",22.0,99.0,32.0,89.0
Emil Krafth,15,DEF,"[44.25,10.25,98.5 ]",1.0,58.0,3.0,56.0
Boubacar TraorÃÂÃÂ©,20,MID,"[ 1.25, 9.25,22.5 ]",0.0,15.0,1.0,14.0
Denis Franchi,6,GK,"[0.25,0.25,0.5 ]",0.0,5.0,0.0,5.0
James Shea,12,GK,"[0.25,0.25,0.5 ]",0.0,5.0,0.0,5.0
Curtis Jones,11,MID,"[36.25,27.25,94.5 ]",6.0,62.0,4.0,64.0
Reece James,7,DEF,"[68.25,30.25,54.5 ]",7.0,96.0,16.0,87.0
Brandon Austin,18,GK,"[ 0.25, 0.25,92.5 ]",0.0,5.0,0.0,5.0
Robin Olsen,2,GK,"[10.25, 2.25,78.5 ]",0.0,17.0,0.0,17.0
Ben Osborn,17,MID,"[22.25,15.25,39.5 ]",1.0,41.0,0.0,42.0
Amad Diallo,14,MID,"[ 2.25, 1.25,79.5 ]",0.0,8.0,1.0,7.0
Anthony Elanga,16,MID,"[16.25,23.25,42.5 ]",3.0,41.0,4.0,40.0
Oliver Norwood,17,MID,"[60.25,10.25,44.5 ]",1.0,74.0,3.0,72.0
Harry Toffolo,16,DEF,"[ 3.25,16.25,19.5 ]",0.0,24.0,0.0,24.0
Bernardo Veiga de Carvalho e Silva,13,MID,"[13.25,21.25, 4.5 ]",4.0,35.0,6.0,33.0
Charlie Taylor,6,DEF,"[123.25, 10.25, 57.5 ]",0.0,138.0,7.0,131.0
Ivan Toney,4,FWD,"[52.25,14.25,10.5 ]",32.0,39.0,9.0,62.0
Nuno Varela Tavares,1,DEF,"[12.25,10.25,54.5 ]",1.0,26.0,1.0,26.0
Alex Murphy,15,DEF,"[0.25,0.25,0.5 ]",0.0,5.0,0.0,5.0
Eddie Nketiah,1,FWD,"[ 9.25,21.25, 8.5 ]",4.0,31.0,2.0,33.0
BenoÃÂÃÂ®t Badiashile,7,DEF,"[10.25, 1.25,11.5 ]",1.0,15.0,0.0,16.0
Emile Smith Rowe,1,MID,"[39.25,28.25,70.5 ]",12.0,60.0,9.0,63.0
Jarell Quansah,11,DEF,"[ 0.25, 0.25,21.5 ]",0.0,5.0,0.0,5.0
Ben Chilwell,7,DEF,"[11.25,12.25,15.5 ]",2.0,26.0,3.0,25.0
Philippe Coutinho Correia,2,MID,"[17.25,22.25,18.5 ]",6.0,38.0,3.0,41.0
Tim Iroegbunam,2,MID,"[ 1.25, 2.25,60.5 ]",0.0,8.0,0.0,8.0
Andy Lonergan,9,GK,"[  0.25,  0.25,101.5 ]",0.0,5.0,0.0,5.0
Pablo Sarabia,20,MID,"[9.25,4.25,6.5 ]",1.0,17.0,0.0,18.0
Kieffer Moore,3,FWD,"[ 5.25,22.25,11.5 ]",4.0,28.0,0.0,32.0
Wayne Hennessey,16,GK,"[ 81.25,  2.25,183.5 ]",0.0,88.0,0.0,88.0
Remi Matthews,8,GK,"[ 0.25, 0.25,75.5 ]",0.0,5.0,0.0,5.0
Ibrahima KonatÃÂÃÂ©,11,DEF,"[27.25, 2.25,47.5 ]",0.0,34.0,0.0,34.0
Joelinton CÃÂÃÂ¡ssio ApolinÃÂÃÂ¡rio de Lira,15,MID,"[102.25, 34.25, 16.5 ]",16.0,125.0,11.0,130.0
Marcus Tavernier,3,MID,"[ 5.25,18.25,15.5 ]",5.0,23.0,4.0,24.0
Matthew Cox,4,GK,"[ 0.25, 0.25,60.5 ]",0.0,5.0,0.0,5.0
Manuel Akanji,13,DEF,"[17.25,12.25, 4.5 ]",0.0,34.0,1.0,33.0
Matheus FranÃÂÃÂ§a de Oliveira,8,MID,"[0.25,0.25,0.5 ]",0.0,5.0,0.0,5.0
Lucas Tolentino Coelho de Lima,19,MID,"[21.25, 7.25, 6.5 ]",4.0,29.0,5.0,28.0
Rasmus HÃÂÃÂ¸jlund,14,FWD,"[0.25,0.25,0.5 ]",0.0,5.0,0.0,5.0
Luca Koleosho,6,MID,"[0.25,0.25,0.5 ]",0.0,5.0,0.0,5.0
Rayan AÃÂÃÂ¯t-Nouri,20,DEF,"[ 2.25,19.25,17.5 ]",1.0,25.0,0.0,26.0
Calum Chambers,2,DEF,"[ 94.25, 25.25,148.5 ]",6.0,118.0,5.0,119.0
Ben Davies,18,DEF,"[139.25, 38.25,182.5 ]",6.0,176.0,17.0,165.0
Emerson Palmieri dos Santos,19,DEF,"[ 35.25, 20.25,148.5 ]",1.0,59.0,1.0,59.0
Luis DÃÂÃÂ­az,11,MID,"[15.25,15.25,24.5 ]",8.0,27.0,5.0,30.0
Lawrence Vigouroux,6,GK,"[0.25,0.25,0.5 ]",0.0,5.0,0.0,5.0
Jakub Moder,5,MID,"[27.25,13.25,57.5 ]",0.0,45.0,3.0,42.0
Dara Costelloe,6,MID,"[0.25,0.25,8.5 ]",0.0,5.0,0.0,5.0
John Stones,13,DEF,"[115.25, 29.25,123.5 ]",7.0,142.0,2.0,147.0
Idrissa Gueye,9,MID,"[117.25, 15.25, 53.5 ]",3.0,134.0,7.0,130.0
Harry Wilson,10,MID,"[28.25,32.25,65.5 ]",9.0,56.0,6.0,59.0
Marcus Bettinelli,7,GK,"[  7.25,  0.25,135.5 ]",0.0,12.0,0.0,12.0
Malcolm Ebiowei,8,MID,"[ 0.25, 3.25,35.5 ]",0.0,8.0,0.0,8.0
Benjamin White,1,DEF,"[23.25,15.25, 0.5 ]",2.0,41.0,5.0,38.0
Teden Mengi,14,DEF,"[ 0.25, 0.25,38.5 ]",0.0,5.0,0.0,5.0
Ezri Konsa Ngoyo,2,DEF,"[108.25, 20.25, 24.5 ]",5.0,128.0,2.0,131.0
Thomas Partey,1,MID,"[57.25,24.25,29.5 ]",5.0,81.0,4.0,82.0
Jamal Lewis,15,DEF,"[49.25,10.25,93.5 ]",1.0,63.0,1.0,63.0
Leon Bailey,2,MID,"[20.25,31.25,25.5 ]",5.0,51.0,8.0,48.0
Ethan Horvath,16,GK,"[0.25,0.25,0.5 ]",0.0,5.0,0.0,5.0
Luke Plange,8,FWD,"[ 0.25, 0.25,38.5 ]",0.0,5.0,0.0,5.0
Luke Shaw,14,DEF,"[132.25, 26.25,108.5 ]",3.0,160.0,20.0,143.0
Mario Lemina,20,MID,"[71.25,22.25,79.5 ]",3.0,95.0,5.0,93.0
Andi Zeqiri,5,FWD,"[ 0.25, 9.25,63.5 ]",0.0,14.0,0.0,14.0
James Tarkowski,9,DEF,"[201.25, 31.25, 34.5 ]",8.0,229.0,9.0,228.0
Kristoffer Ajer,4,DEF,"[26.25, 7.25,43.5 ]",1.0,37.0,3.0,35.0
Brennan Johnson,16,MID,"[21.25,17.25, 0.5 ]",8.0,35.0,5.0,38.0
Jake O'Brien,8,DEF,"[0.25,0.25,0.5 ]",0.0,5.0,0.0,5.0
Ryan Sessegnon,18,DEF,"[ 39.25, 34.25,117.5 ]",4.0,74.0,11.0,67.0
Justin Kluivert,3,MID,"[0.25,0.25,0.5 ]",0.0,5.0,0.0,5.0
Viljami Sinisalo,2,GK,"[ 0.25, 0.25,54.5 ]",0.0,5.0,0.0,5.0
Pierre-Emile HÃÂÃÂ¸jbjerg,18,MID,"[126.25, 16.25, 10.5 ]",8.0,139.0,15.0,132.0
Lesley Ugochukwu,7,MID,"[0.25,0.25,0.5 ]",0.0,5.0,0.0,5.0
Arnaut Danjuma Groeneveld,9,MID,"[ 5.25, 9.25,24.5 ]",0.0,19.0,1.0,18.0
Callum Hudson-Odoi,7,MID,"[ 30.25, 42.25,138.5 ]",4.0,73.0,13.0,64.0
Kieran Tierney,1,DEF,"[61.25,30.25,62.5 ]",3.0,93.0,10.0,86.0
Tim Ream,10,DEF,"[48.25,18.25,48.5 ]",1.0,70.0,0.0,71.0
Phil Foden,13,MID,"[ 64.25, 65.25,100.5 ]",35.0,99.0,24.0,110.0
Christian Eriksen,14,MID,"[137.25, 30.25, 38.5 ]",31.0,141.0,57.0,115.0
FÃÂÃÂ¡bio Silva,20,FWD,"[0.25,0.25,0.5 ]",0.0,5.0,0.0,5.0
Alfie Whiteman,18,GK,"[ 0.25, 0.25,94.5 ]",0.0,5.0,0.0,5.0
James Tomkins,8,DEF,"[109.25, 12.25,145.5 ]",10.0,116.0,2.0,124.0
William Osula,17,FWD,"[0.25,0.25,1.5 ]",0.0,5.0,0.0,5.0
Ollie Watkins,2,FWD,"[93.25,16.25, 5.5 ]",40.0,74.0,20.0,94.0
Gabriel dos Santos MagalhÃÂÃÂ£es,1,DEF,"[25.25,13.25, 0.5 ]",3.0,40.0,0.0,43.0
Takehiro Tomiyasu,1,DEF,"[21.25,21.25,31.5 ]",0.0,47.0,2.0,45.0
Harrison Reed,10,MID,"[46.25,25.25,43.5 ]",3.0,73.0,7.0,69.0
Manor Solomon,18,MID,"[ 4.25,15.25,19.5 ]",4.0,20.0,0.0,24.0
Marcus Oliveira Alencar,1,MID,"[ 0.25, 1.25,37.5 ]",0.0,6.0,0.0,6.0
Eric Bailly,14,DEF,"[ 55.25, 15.25,196.5 ]",1.0,74.0,0.0,75.0
Hakim Ziyech,7,MID,"[32.25,32.25,50.5 ]",6.0,63.0,9.0,60.0
Gianluca Scamacca,19,FWD,"[ 3.25,13.25,22.5 ]",3.0,18.0,0.0,21.0
Christian NÃÂÃÂ¸rgaard,4,MID,"[52.25, 5.25,19.5 ]",4.0,58.0,10.0,52.0
Sean Longstaff,15,MID,"[68.25,43.25,77.5 ]",4.0,112.0,10.0,106.0
Pelly Ruddock Mpanzu,12,MID,"[0.25,0.25,0.5 ]",0.0,5.0,0.0,5.0
Danny Ings,19,FWD,"[108.25, 56.25,102.5 ]",57.0,112.0,18.0,151.0
Donny van de Beek,14,MID,"[10.25,31.25,75.5 ]",3.0,43.0,2.0,44.0
Giulian Biancone,16,DEF,"[ 0.25, 2.25,36.5 ]",0.0,7.0,0.0,7.0
Albert Sambi Lokonga,1,MID,"[18.25,16.25,41.5 ]",0.0,39.0,0.0,39.0
Luke McNally,6,DEF,"[0.25,0.25,0.5 ]",0.0,5.0,0.0,5.0
Kaoru Mitoma,5,MID,"[22.25,11.25, 5.5 ]",7.0,31.0,9.0,29.0
Abdul Rahman Baba,7,DEF,"[ 0.25, 0.25,38.5 ]",0.0,5.0,0.0,5.0
Dango Ouattara,3,MID,"[15.25, 4.25, 0.5 ]",1.0,23.0,3.0,21.0
Daniel Jebbison,17,FWD,"[3.25,1.25,0.5 ]",1.0,8.0,0.0,9.0
Simon Adingra,5,MID,"[0.25,0.25,0.5 ]",0.0,5.0,0.0,5.0
Scott Twine,6,MID,"[0.25,0.25,0.5 ]",0.0,5.0,0.0,5.0
Sergio GÃÂÃÂ³mez,13,DEF,"[ 2.25,10.25,24.5 ]",0.0,17.0,1.0,16.0
Danilo dos Santos de Oliveira,16,MID,"[12.25, 1.25, 6.5 ]",3.0,15.0,2.0,16.0
David Raya Martin,4,GK,"[48.25,14.25,14.5 ]",0.0,67.0,0.0,67.0
Jacob Murphy,15,MID,"[56.25,73.25,99.5 ]",8.0,126.0,12.0,122.0
Thomas Kaminski,12,GK,"[0.25,0.25,0.5 ]",0.0,5.0,0.0,5.0
Jean-Philippe Mateta,8,FWD,"[19.25,39.25,37.5 ]",8.0,55.0,1.0,62.0
Ben Pearson,3,MID,"[ 0.25, 7.25,31.5 ]",0.0,12.0,0.0,12.0
Bailey Peacock-Farrell,6,GK,"[  4.25,  0.25,110.5 ]",0.0,9.0,0.0,9.0
Felipe Augusto de Almeida Monteiro,16,DEF,"[15.25, 1.25, 2.5 ]",0.0,21.0,1.0,20.0
William Saliba,1,DEF,"[14.25,13.25,87.5 ]",2.0,30.0,1.0,31.0
Michael Obafemi,6,FWD,"[  7.25, 25.25,125.5 ]",4.0,33.0,3.0,34.0
Ben Godfrey,9,DEF,"[91.25, 6.25,51.5 ]",0.0,102.0,3.0,99.0
Victor da Silva,6,DEF,"[0.25,0.25,0.5 ]",0.0,5.0,0.0,5.0
AndrÃÂÃÂ© Tavares Gomes,9,MID,"[ 0.25, 0.25,38.5 ]",0.0,5.0,0.0,5.0
Destiny Udogie,18,DEF,"[0.25,0.25,0.5 ]",0.0,5.0,0.0,5.0
Ryan Trevitt,4,MID,"[ 0.25, 0.25,31.5 ]",0.0,5.0,0.0,5.0
Dion Pereira,12,MID,"[0.25,2.25,7.5 ]",0.0,7.0,0.0,7.0
Connor Roberts,6,DEF,"[21.25, 4.25,36.5 ]",1.0,29.0,1.0,29.0
Douglas Luiz Soares de Paulo,2,MID,"[115.25, 25.25, 12.5 ]",11.0,134.0,14.0,131.0
Mark Flekken,4,GK,"[0.25,0.25,0.5 ]",0.0,5.0,0.0,5.0
Martin Dubravka,15,GK,"[128.25,  1.25, 73.5 ]",0.0,134.0,0.0,134.0
James McConnell,11,MID,"[0.25,0.25,0.5 ]",0.0,5.0,0.0,5.0
Stefan Bajcetic,11,MID,"[ 6.25, 5.25,27.5 ]",1.0,15.0,0.0,16.0
Andreas Hoelgebaum Pereira,10,MID,"[19.25,14.25, 5.5 ]",4.0,34.0,10.0,28.0
Marc Cucurella Saseta,7,DEF,"[10.25,14.25,14.5 ]",0.0,29.0,2.0,27.0
JoÃÂÃÂ£o Palhinha GonÃÂÃÂ§alves,10,MID,"[22.25,13.25, 3.5 ]",3.0,37.0,0.0,40.0
Bryan Gil Salvatierra,18,MID,"[ 2.25,11.25,63.5 ]",0.0,18.0,1.0,17.0
Neco Williams,16,DEF,"[12.25,32.25,92.5 ]",1.0,48.0,2.0,47.0
Harrison Ashby,15,DEF,"[ 0.25, 1.25,68.5 ]",0.0,6.0,0.0,6.0
Billy Gilmour,5,MID,"[ 32.25, 17.25,100.5 ]",0.0,54.0,2.0,52.0
John Egan,17,DEF,"[64.25, 3.25, 9.5 ]",2.0,70.0,2.0,70.0
Mikkel Damsgaard,4,MID,"[ 8.25,18.25,11.5 ]",0.0,31.0,0.0,31.0
Angelo Ogbonna,19,DEF,"[154.25,  8.25,104.5 ]",8.0,159.0,1.0,166.0
Chris Basham,17,DEF,"[69.25, 0.25, 7.5 ]",0.0,74.0,2.0,72.0
Son Heung-min,18,MID,"[21.25,15.25, 2.5 ]",10.0,31.0,6.0,35.0
Joe Gomez,11,DEF,"[0.25,0.25,0.5 ]",0.0,5.0,0.0,5.0
Darren Randolph,3,GK,"[ 27.25,  0.25,180.5 ]",0.0,32.0,0.0,32.0
Ben Johnson,19,DEF,"[ 26.25, 29.25,132.5 ]",2.0,58.0,0.0,60.0
Pedro Porro,18,DEF,"[13.25, 2.25, 2.5 ]",3.0,17.0,3.0,17.0
Manuel Benson Hedilazio,6,MID,"[0.25,0.25,0.5 ]",0.0,5.0,0.0,5.0
Levi Colwill,7,DEF,"[13.25, 4.25,21.5 ]",0.0,22.0,2.0,20.0
Jonathan Panzo,16,DEF,"[ 0.25, 0.25,38.5 ]",0.0,5.0,0.0,5.0
Pablo Fornals Malla,19,MID,"[ 8.25,24.25, 6.5 ]",3.0,34.0,1.0,36.0
Elijah Adebayo,12,FWD,"[0.25,0.25,0.5 ]",0.0,5.0,0.0,5.0
Rico Henry,4,DEF,"[54.25,17.25, 5.5 ]",3.0,73.0,3.0,73.0
Bobby Clark,11,MID,"[ 0.25, 1.25,36.5 ]",0.0,6.0,0.0,6.0
Flynn Downes,19,MID,"[ 4.25,17.25,17.5 ]",0.0,26.0,0.0,26.0
Ben Greenwood,3,DEF,"[ 0.25, 0.25,18.5 ]",0.0,5.0,0.0,5.0
Joe Willock,15,MID,"[19.25,16.25, 3.5 ]",3.0,37.0,7.0,33.0
Javier Manquillo GaitÃÂÃÂ¡n,15,DEF,"[ 0.25, 4.25,34.5 ]",0.0,9.0,0.0,9.0
Kobbie Mainoo,14,MID,"[ 0.25, 1.25,29.5 ]",0.0,6.0,0.0,6.0
Dominic Calvert-Lewin,9,FWD,"[128.25, 53.25, 76.5 ]",47.0,139.0,23.0,163.0
Tommy Doyle,13,MID,"[ 0.25, 1.25,82.5 ]",0.0,6.0,0.0,6.0
Halil DerviÃÂÃÂoÃÂÃÂlu,4,FWD,"[ 0.25, 1.25,75.5 ]",0.0,6.0,1.0,5.0
Gabriel Osho,12,DEF,"[0.25,0.25,0.5 ]",0.0,5.0,0.0,5.0
JoÃÂÃÂ£o Pedro Junqueira de Jesus,5,FWD,"[14.25,17.25,24.5 ]",3.0,33.0,1.0,35.0
Kurt Zouma,19,DEF,"[143.25, 33.25, 89.5 ]",11.0,170.0,4.0,177.0
Omar Richards,16,DEF,"[ 0.25, 0.25,38.5 ]",0.0,5.0,0.0,5.0
Iliman Ndiaye,17,FWD,"[ 0.25, 1.25,16.5 ]",0.0,6.0,0.0,6.0
Elliot Thorpe,12,MID,"[0.25,0.25,0.5 ]",0.0,5.0,0.0,5.0
Shea Charles,13,MID,"[0.25,1.25,2.5 ]",0.0,6.0,0.0,6.0
Joe Rodon,18,DEF,"[  9.25,  6.25,123.5 ]",0.0,20.0,0.0,20.0
Neal Maupay,9,FWD,"[88.25,41.25,23.5 ]",27.0,107.0,8.0,126.0
Jordan Ayew,8,MID,"[159.25, 50.25, 34.5 ]",26.0,188.0,23.0,191.0
Divin Mubama,19,FWD,"[ 0.25, 3.25,20.5 ]",0.0,8.0,0.0,8.0
Nathaniel Phillips,11,DEF,"[ 16.25,  3.25,109.5 ]",1.0,23.0,1.0,23.0
Dominik Szoboszlai,11,MID,"[0.25,0.25,0.5 ]",0.0,5.0,0.0,5.0
Jordan Clark,12,MID,"[0.25,0.25,0.5 ]",0.0,5.0,0.0,5.0
Mason Mount,14,MID,"[98.25,31.25,23.5 ]",27.0,107.0,28.0,106.0
Ellery Balcombe,4,GK,"[ 0.25, 0.25,76.5 ]",0.0,5.0,0.0,5.0
David Brooks,3,MID,"[37.25, 8.25,69.5 ]",8.0,42.0,6.0,44.0
Pascal GroÃÂÃÂ,5,MID,"[96.25,33.25,23.5 ]",16.0,118.0,26.0,108.0
John McGinn,2,MID,"[116.25, 18.25, 18.5 ]",10.0,129.0,19.0,120.0
Tanguy NdombÃÂÃÂ©lÃÂÃÂ© Alvaro,18,MID,"[0.25,0.25,0.5 ]",0.0,5.0,0.0,5.0
Jairo Riedewald,8,MID,"[ 30.25, 41.25,153.5 ]",2.0,74.0,0.0,76.0
Yoane Wissa,4,FWD,"[22.25,46.25, 8.5 ]",14.0,59.0,6.0,67.0
Reiss Nelson,1,MID,"[  8.25, 26.25,195.5 ]",4.0,35.0,4.0,35.0
Facundo Pellistri Rebollo,14,MID,"[ 0.25, 4.25,34.5 ]",0.0,9.0,0.0,9.0
James Hill,3,DEF,"[ 0.25, 0.25,38.5 ]",0.0,5.0,0.0,5.0
Bruno Cavaco JordÃÂÃÂ£o,20,MID,"[0.25,0.25,0.5 ]",0.0,5.0,0.0,5.0
Kjell Scherpen,5,GK,"[ 0.25, 0.25,76.5 ]",0.0,5.0,0.0,5.0
MÃÂÃÂ¡ximo Perrone,13,MID,"[ 0.25, 1.25,17.5 ]",0.0,6.0,0.0,6.0
Aleksandar MitroviÃÂÃÂ,10,FWD,"[24.25,27.25,25.5 ]",17.0,39.0,5.0,51.0
Kevin Schade,4,MID,"[ 7.25,11.25, 2.5 ]",0.0,23.0,1.0,22.0
Moussa NiakhatÃÂÃÂ©,16,DEF,"[12.25, 2.25,24.5 ]",0.0,19.0,0.0,19.0
Paul Dummett,15,DEF,"[ 69.25, 11.25,148.5 ]",1.0,84.0,0.0,85.0
Sven Botman,15,DEF,"[24.25,12.25, 2.5 ]",0.0,41.0,2.0,39.0
Issa Diop,10,DEF,"[106.25, 15.25, 69.5 ]",7.0,119.0,2.0,124.0
Aaron Ramsdale,1,GK,"[134.25, 13.25, 38.5 ]",0.0,152.0,1.0,151.0
Tosin Adarabioyo,10,DEF,"[46.25,12.25,14.5 ]",1.0,62.0,1.0,62.0
Trent Alexander-Arnold,11,DEF,"[172.25, 26.25, 68.5 ]",12.0,191.0,61.0,142.0
Anass Zaroury,6,MID,"[0.25,0.25,0.5 ]",0.0,5.0,0.0,5.0
Pervis EstupiÃÂÃÂ±ÃÂÃÂ¡n,5,DEF,"[24.25,11.25, 1.5 ]",1.0,39.0,7.0,33.0
Chiedozie Ogbene,12,FWD,"[0.25,0.25,0.5 ]",0.0,5.0,0.0,5.0
Harvey Elliott,11,MID,"[ 13.25, 29.25,108.5 ]",1.0,46.0,2.0,45.0
Jack Robinson,17,DEF,"[16.25, 1.25,35.5 ]",0.0,22.0,2.0,20.0
Gabriel Martinelli Silva,1,MID,"[21.25,15.25, 2.5 ]",15.0,26.0,9.0,32.0
Wout Weghorst,6,FWD,"[27.25,10.25, 5.5 ]",2.0,40.0,4.0,38.0
Jhon DurÃÂÃÂ¡n,2,FWD,"[ 0.25,12.25, 6.5 ]",0.0,17.0,0.0,17.0
Oscar Bobb,13,MID,"[0.25,0.25,0.5 ]",0.0,5.0,0.0,5.0
Michail Antonio,19,FWD,"[149.25, 53.25, 64.5 ]",53.0,154.0,40.0,167.0
Malang Sarr,7,DEF,"[ 6.25, 2.25,68.5 ]",0.0,13.0,0.0,13.0
ÃÂÃÂngelo Gabriel Borges Damaceno,7,MID,"[0.25,0.25,0.5 ]",0.0,5.0,0.0,5.0
Micky van de Ven,18,DEF,"[0.25,0.25,0.5 ]",0.0,5.0,0.0,5.0
Shola Shoretire,14,FWD,"[ 0.25, 3.25,42.5 ]",0.0,8.0,0.0,8.0
Lisandro MartÃÂÃÂ­nez,14,DEF,"[11.25,16.25,11.5 ]",1.0,31.0,0.0,32.0
Alex Mighten,16,MID,"[ 0.25, 1.25,37.5 ]",0.0,6.0,0.0,6.0
Bryan Mbeumo,4,MID,"[55.25,18.25, 3.5 ]",13.0,65.0,16.0,62.0
Nicolas PÃÂÃÂ©pÃÂÃÂ©,1,MID,"[43.25,37.25,73.5 ]",16.0,69.0,13.0,72.0
Alexis Mac Allister,11,MID,"[55.25,43.25,28.5 ]",16.0,87.0,5.0,98.0
Omari Kellyman,2,MID,"[0.25,0.25,0.5 ]",0.0,5.0,0.0,5.0
Youri Tielemans,2,MID,"[125.25, 26.25, 15.5 ]",21.0,135.0,22.0,134.0
Remo Freuler,16,MID,"[16.25,12.25, 8.5 ]",0.0,33.0,0.0,33.0
Illia Zabarnyi,3,DEF,"[ 3.25, 2.25,13.5 ]",0.0,10.0,0.0,10.0
Karl Hein,1,GK,"[ 0.25, 0.25,65.5 ]",0.0,5.0,0.0,5.0
Aaron Connolly,5,FWD,"[21.25,24.25,66.5 ]",5.0,45.0,4.0,46.0
Dean Henderson,14,GK,"[52.25,15.25,85.5 ]",0.0,72.0,1.0,71.0
Jay Rodriguez,6,FWD,"[85.25,72.25,33.5 ]",23.0,139.0,11.0,151.0
Marcos Senesi,3,DEF,"[19.25,12.25, 6.5 ]",2.0,34.0,0.0,36.0
Granit Xhaka,1,MID,"[201.25, 24.25, 42.5 ]",17.0,213.0,28.0,202.0
James Trafford,6,GK,"[ 0.25, 0.25,33.5 ]",0.0,5.0,0.0,5.0
Dan Burn,15,DEF,"[103.25, 25.25, 40.5 ]",3.0,130.0,1.0,132.0
SaÃÂÃÂ¯d Benrahma,19,MID,"[56.25,41.25,12.5 ]",15.0,87.0,15.0,87.0
Brandon Aguilera Zamora,16,MID,"[0.25,0.25,0.5 ]",0.0,5.0,0.0,5.0
Tyler Onyango,9,MID,"[ 0.25, 3.25,45.5 ]",0.0,8.0,0.0,8.0
Joe Taylor,12,FWD,"[0.25,0.25,0.5 ]",0.0,5.0,0.0,5.0
Karl Darlow,15,GK,"[ 43.25,  0.25,185.5 ]",0.0,48.0,0.0,48.0
Joachim Andersen,8,DEF,"[83.25,14.25,13.5 ]",2.0,100.0,5.0,97.0
Allan Campbell,12,MID,"[0.25,0.25,0.5 ]",0.0,5.0,0.0,5.0
Carlos Mendes Gomes,12,MID,"[0.25,0.25,0.5 ]",0.0,5.0,0.0,5.0
Pedro Lomba Neto,20,MID,"[46.25,45.25,61.5 ]",9.0,87.0,14.0,82.0
Luc De Fougerolles,10,DEF,"[0.25,0.25,0.5 ]",0.0,5.0,0.0,5.0
Dane Scarlett,18,FWD,"[ 0.25, 2.25,91.5 ]",0.0,7.0,0.0,7.0
Lucas Digne,2,DEF,"[134.25, 23.25, 32.5 ]",5.0,157.0,26.0,136.0
Enzo FernÃÂÃÂ¡ndez,7,MID,"[18.25, 0.25, 0.5 ]",0.0,23.0,2.0,21.0
Matt Targett,15,DEF,"[116.25, 23.25,127.5 ]",3.0,141.0,12.0,132.0
Demarai Gray,9,MID,"[91.25,97.25,78.5 ]",19.0,174.0,18.0,175.0
Stefan Ortega Moreno,13,GK,"[ 3.25, 0.25,35.5 ]",0.0,8.0,0.0,8.0
Sam Johnstone,8,GK,"[46.25, 0.25,30.5 ]",0.0,51.0,1.0,50.0
Emiliano BuendÃÂÃÂ­a Stati,2,MID,"[43.25,30.25, 3.5 ]",9.0,69.0,9.0,69.0
Alexandre Moreno Lopera,2,DEF,"[14.25, 5.25, 1.5 ]",0.0,24.0,3.0,21.0
Japhet Tanganga,18,DEF,"[ 22.25,  5.25,107.5 ]",0.0,32.0,0.0,32.0
Marvelous Nakamba,12,MID,"[40.25,18.25,94.5 ]",0.0,63.0,1.0,62.0
Nathan Collins,4,DEF,"[27.25,18.25,31.5 ]",2.0,48.0,0.0,50.0
Leandro Trossard,1,MID,"[96.25,40.25,16.5 ]",26.0,115.0,28.0,113.0
Antony Matheus dos Santos,14,MID,"[17.25, 8.25, 8.5 ]",4.0,26.0,2.0,28.0
Trevoh Chalobah,7,DEF,"[26.25,19.25,41.5 ]",3.0,47.0,1.0,49.0
Luke Cundle,20,MID,"[  2.25,  2.25,121.5 ]",0.0,9.0,0.0,9.0
Lukasz Fabianski,19,GK,"[230.25, 16.25, 20.5 ]",0.0,251.0,0.0,251.0
Tino Livramento,15,DEF,"[24.25, 6.25,46.5 ]",1.0,34.0,2.0,33.0
Aymeric Laporte,13,DEF,"[111.25,  9.25, 85.5 ]",8.0,117.0,5.0,120.0
Kieran Trippier,15,DEF,"[ 80.25, 27.25,102.5 ]",4.0,108.0,26.0,86.0
Richarlison de Andrade,18,MID,"[166.25, 34.25, 28.5 ]",49.0,156.0,33.0,172.0
John McAtee,12,FWD,"[0.25,0.25,0.5 ]",0.0,5.0,0.0,5.0
Jayden Bogle,17,DEF,"[11.25, 5.25,22.5 ]",2.0,19.0,0.0,21.0
Jason Steele,5,GK,"[ 16.25,  0.25,136.5 ]",0.0,21.0,1.0,20.0
Nick Pope,15,GK,"[164.25, 14.25, 88.5 ]",0.0,183.0,0.0,183.0
Kai Havertz,1,MID,"[55.25,36.25,23.5 ]",19.0,77.0,11.0,85.0
Wesley Moraes Ferreira da Silva,2,FWD,"[0.25,0.25,0.5 ]",0.0,5.0,0.0,5.0
VladimÃÂÃÂ­r Coufal,19,DEF,"[0.25,0.25,0.5 ]",0.0,5.0,0.0,5.0
Marcus Rashford,14,MID,"[156.25, 72.25, 38.5 ]",71.0,162.0,43.0,190.0
Lewis O'Brien,16,MID,"[ 0.25,13.25,25.5 ]",1.0,17.0,0.0,18.0
Evan Ferguson,5,FWD,"[10.25,10.25,38.5 ]",6.0,19.0,2.0,23.0
Tom McGill,5,GK,"[ 0.25, 0.25,10.5 ]",0.0,5.0,0.0,5.0
Yves Bissouma,18,MID,"[93.25,42.25,55.5 ]",3.0,137.0,2.0,138.0
JoÃÂÃÂ£o Victor Gomes da Silva,20,MID,"[7.25,4.25,7.5 ]",1.0,15.0,0.0,16.0
Abdoulaye DoucourÃÂÃÂ©,9,MID,"[108.25, 13.25, 31.5 ]",13.0,113.0,14.0,112.0
Ederson Santana de Moraes,13,GK,"[202.25, 15.25, 12.5 ]",0.0,222.0,3.0,219.0
Virgil van Dijk,11,DEF,"[179.25, 15.25, 72.5 ]",17.0,182.0,10.0,189.0
Willy Boly,16,DEF,"[96.25, 4.25,90.5 ]",5.0,100.0,3.0,102.0
Scott McTominay,14,MID,"[88.25,56.25,89.5 ]",11.0,138.0,6.0,143.0
Rico Lewis,13,DEF,"[10.25, 4.25,24.5 ]",0.0,19.0,0.0,19.0
Alejandro Garnacho,14,MID,"[ 4.25,15.25,19.5 ]",3.0,21.0,2.0,22.0
Jean-Philippe Gbamin,9,MID,"[  1.25,  5.25,146.5 ]",0.0,11.0,0.0,11.0
Lewis Dobbin,9,MID,"[ 0.25, 3.25,30.5 ]",0.0,8.0,0.0,8.0
Riyad Mahrez,13,MID,"[156.25, 61.25, 50.5 ]",61.0,161.0,62.0,160.0
Matija ÃÂÃÂ arkiÃÂÃÂ,20,GK,"[ 0.25, 0.25,38.5 ]",0.0,5.0,0.0,5.0
Auston Trusty,17,DEF,"[0.25,0.25,0.5 ]",0.0,5.0,0.0,5.0
Anthony Gordon,15,MID,"[35.25,46.25,60.5 ]",8.0,78.0,4.0,82.0
Emmanuel Dennis,16,FWD,"[33.25,19.25,22.5 ]",12.0,45.0,9.0,48.0
Nathaniel Clyne,8,DEF,"[ 93.25, 16.25,115.5 ]",0.0,114.0,5.0,109.0
Thiago AlcÃÂÃÂ¡ntara do Nascimento,11,MID,"[44.25,23.25,46.5 ]",2.0,70.0,4.0,68.0
Ryan Giles,12,DEF,"[ 0.25, 0.25,35.5 ]",0.0,5.0,0.0,5.0
Admiral Muskwe,12,FWD,"[0.25,0.25,0.5 ]",0.0,5.0,0.0,5.0
Edson ÃÂÃÂlvarez VelÃÂÃÂ¡zquez,19,MID,"[0.25,0.25,0.5 ]",0.0,5.0,0.0,5.0
Jakub Kiwior,1,DEF,"[ 5.25, 2.25,12.5 ]",1.0,11.0,0.0,12.0
Lloyd Kelly,3,DEF,"[25.25, 6.25,45.5 ]",0.0,36.0,2.0,34.0
Vitalii Mykolenko,9,DEF,"[28.25,19.25,12.5 ]",1.0,51.0,2.0,50.0
Aidan Francis-Clarke,12,DEF,"[0.25,0.25,0.5 ]",0.0,5.0,0.0,5.0
Emerson Leite de Souza Junior,18,DEF,"[10.25,16.25,12.5 ]",2.0,29.0,2.0,29.0
JoÃÂÃÂ«l Veltman,5,DEF,"[71.25,22.25,21.5 ]",3.0,95.0,3.0,95.0
Miguel AlmirÃÂÃÂ³n Rejala,15,MID,"[15.25,19.25, 4.5 ]",11.0,28.0,4.0,35.0
Bobby Thomas,6,DEF,"[ 0.25, 0.25,85.5 ]",0.0,5.0,0.0,5.0
Charlie Goode,4,DEF,"[ 5.25, 1.25,70.5 ]",0.0,11.0,0.0,11.0
Alejo VÃÂÃÂ©liz,18,FWD,"[0.25,0.25,0.5 ]",0.0,5.0,0.0,5.0
Kepa Arrizabalaga,7,GK,"[102.25,  7.25, 81.5 ]",0.0,114.0,0.0,114.0
Mark Travers,3,GK,"[ 8.25, 7.25,63.5 ]",0.0,20.0,0.0,20.0
Guglielmo Vicario,18,GK,"[0.25,0.25,0.5 ]",0.0,5.0,0.0,5.0
Isaac Hayden,15,MID,"[91.25,27.25,72.5 ]",4.0,119.0,8.0,115.0
Jamaal Lascelles,15,DEF,"[126.25, 15.25, 87.5 ]",7.0,139.0,2.0,144.0
Andrew Robertson,11,DEF,"[209.25, 19.25, 38.5 ]",8.0,225.0,58.0,175.0
Giovani Lo Celso,18,MID,"[27.25,28.25,59.5 ]",1.0,59.0,4.0,56.0
Jeffrey Schlupp,8,MID,"[113.25, 70.25, 83.5 ]",16.0,172.0,15.0,173.0
Alex Iwobi,9,MID,"[140.25, 68.25, 58.5 ]",15.0,198.0,31.0,182.0
Cody Gakpo,11,FWD,"[17.25, 4.25, 1.5 ]",7.0,19.0,3.0,23.0
Nicolas Jackson,7,FWD,"[0.25,0.25,0.5 ]",0.0,5.0,0.0,5.0
Nikola VlaÃÂÃÂ¡iÃÂÃÂ,19,MID,"[0.25,0.25,0.5 ]",0.0,5.0,0.0,5.0
Adam Lallana,5,MID,"[ 72.25, 69.25,125.5 ]",12.0,134.0,12.0,134.0
Hugo Bueno LÃÂÃÂ³pez,20,DEF,"[12.25, 9.25,17.5 ]",0.0,26.0,1.0,25.0
Alphonse Areola,19,GK,"[39.25, 3.25,72.5 ]",0.0,47.0,0.0,47.0
Alisson Ramses Becker,11,GK,"[159.25, 14.25, 17.5 ]",1.0,177.0,3.0,175.0
Pape Matar Sarr,18,MID,"[ 2.25, 9.25,27.5 ]",0.0,16.0,1.0,15.0
Aribim Pepple,12,FWD,"[0.25,0.25,0.5 ]",0.0,5.0,0.0,5.0
Matt Doherty,20,DEF,"[91.25,27.25,72.5 ]",11.0,112.0,22.0,101.0
GonÃÂÃÂ§alo Manuel Ganchinho Guedes,20,MID,"[ 1.25,12.25,24.5 ]",1.0,17.0,1.0,17.0
Ellis Simms,9,FWD,"[ 3.25, 9.25,77.5 ]",1.0,16.0,0.0,17.0
Jonathan Castro Otto,20,DEF,"[84.25,22.25,84.5 ]",6.0,105.0,6.0,105.0
Taiwo Awoniyi,16,FWD,"[11.25,16.25,11.5 ]",10.0,22.0,1.0,31.0
Mads Roerslev Rasmussen,4,DEF,"[20.25,21.25,35.5 ]",1.0,45.0,1.0,45.0
Calvin Bassey,10,DEF,"[0.25,0.25,0.5 ]",0.0,5.0,0.0,5.0
Konstantinos Tsimikas,11,DEF,"[14.25,21.25,79.5 ]",0.0,40.0,6.0,34.0
Mahmoud Dahoud,5,MID,"[0.25,0.25,0.5 ]",0.0,5.0,0.0,5.0
Ian Maatsen,7,MID,"[0.25,0.25,0.5 ]",0.0,5.0,0.0,5.0
Max Lowe,17,DEF,"[ 5.25, 3.25,30.5 ]",0.0,13.0,0.0,13.0
Joe Whitworth,8,GK,"[0.25,0.25,0.5 ]",0.0,5.0,0.0,5.0
Thomas Cannon,9,FWD,"[ 0.25, 2.25,22.5 ]",0.0,7.0,0.0,7.0
Hannibal Mejbri,14,MID,"[ 1.25, 2.25,13.5 ]",0.0,8.0,0.0,8.0
Boubacar Kamara,2,MID,"[14.25,10.25,14.5 ]",0.0,29.0,1.0,28.0
Andrey Nascimento dos Santos,7,MID,"[ 0.25, 0.25,19.5 ]",0.0,5.0,0.0,5.0
Loris Karius,15,GK,"[ 29.25,  0.25,117.5 ]",0.0,34.0,0.0,34.0
Bart Verbruggen,5,GK,"[0.25,0.25,0.5 ]",0.0,5.0,0.0,5.0
Tahith Chong,12,MID,"[ 0.25, 5.25,82.5 ]",0.0,10.0,0.0,10.0
Morgan Sanson,2,MID,"[ 6.25,15.25,75.5 ]",0.0,26.0,0.0,26.0
Bernd Leno,10,GK,"[123.25, 14.25, 54.5 ]",0.0,142.0,0.0,142.0
Josh Dasilva,4,MID,"[ 7.25,29.25, 2.5 ]",4.0,37.0,2.0,39.0
Josh Bowler,16,MID,"[0.25,0.25,0.5 ]",0.0,5.0,0.0,5.0
Oleksandr Zinchenko,1,DEF,"[ 78.25, 25.25,158.5 ]",1.0,107.0,9.0,99.0
Tyrese Francois,10,MID,"[ 0.25, 2.25,37.5 ]",0.0,7.0,0.0,7.0
Callum Wilson,15,FWD,"[148.25, 40.25, 78.5 ]",74.0,119.0,33.0,160.0
Allan Saint-Maximin,15,MID,"[78.25,33.25,41.5 ]",12.0,104.0,23.0,93.0
Zeki Amdouni,6,FWD,"[0.25,0.25,0.5 ]",0.0,5.0,0.0,5.0
Steven Alzate,5,MID,"[ 25.25, 18.25,105.5 ]",1.0,47.0,0.0,48.0
JÃÂÃÂ³hann Berg Gudmundsson,6,MID,"[0.25,0.25,0.5 ]",0.0,5.0,0.0,5.0
Keinan Davis,2,FWD,"[  5.25, 29.25,118.5 ]",1.0,38.0,2.0,37.0
Bruno Borges Fernandes,14,MID,"[25.25,12.25, 1.5 ]",8.0,34.0,9.0,33.0
Hamed TraorÃÂÃÂ¨,3,MID,"[ 5.25, 2.25,11.5 ]",0.0,12.0,0.0,12.0
Jeremy Sarmiento Morante,5,MID,"[ 1.25, 8.25,29.5 ]",0.0,14.0,2.0,12.0
Issa KaborÃÂÃÂ©,12,DEF,"[0.25,0.25,0.5 ]",0.0,5.0,0.0,5.0
Sam Surridge,16,FWD,"[ 0.25,26.25,64.5 ]",1.0,30.0,0.0,31.0
Reece Burke,12,DEF,"[ 0.25, 0.25,53.5 ]",0.0,5.0,0.0,5.0
Jesurun Rak-Sakyi,8,MID,"[ 1.25, 1.25,82.5 ]",0.0,7.0,0.0,7.0
Gabriel Fernando de Jesus,1,FWD,"[107.25, 78.25, 62.5 ]",69.0,121.0,42.0,148.0
Dara O'Shea,6,DEF,"[23.25, 5.25,10.5 ]",0.0,33.0,0.0,33.0
Eric Dier,18,DEF,"[177.25, 28.25, 61.5 ]",7.0,203.0,6.0,204.0
Joel Ward,8,DEF,"[154.25, 21.25, 91.5 ]",2.0,178.0,4.0,176.0
Harvey Barnes,15,MID,"[98.25,48.25,29.5 ]",35.0,116.0,32.0,119.0
Mateo KovaÃÂÃÂiÃÂÃÂ,13,MID,"[0.25,0.25,0.5 ]",0.0,5.0,0.0,5.0
Ashley Young,9,DEF,"[106.25, 31.25, 91.5 ]",5.0,137.0,12.0,130.0
Aaron Cresswell,19,DEF,"[183.25, 25.25, 58.5 ]",6.0,207.0,26.0,187.0
Sergio ReguilÃÂÃÂ³n,18,DEF,"[47.25, 5.25,60.5 ]",2.0,55.0,10.0,47.0
Morgan Gibbs-White,16,MID,"[ 33.25, 50.25,107.5 ]",6.0,82.0,14.0,74.0
RaphaÃÂÃÂ«l Varane,14,DEF,"[34.25,12.25,29.5 ]",1.0,50.0,1.0,50.0
Igor Julio dos Santos de Paulo,5,DEF,"[0.25,0.25,0.5 ]",0.0,5.0,0.0,5.0
Brandon Williams,14,DEF,"[36.25,11.25,99.5 ]",1.0,51.0,2.0,50.0
Hugo Lloris,18,GK,"[209.25, 16.25, 41.5 ]",0.0,230.0,0.0,230.0
Fabian SchÃÂÃÂ¤r,15,DEF,"[78.25,23.25,51.5 ]",6.0,100.0,6.0,100.0
Orel Mangala,16,MID,"[17.25,10.25,11.5 ]",1.0,31.0,1.0,31.0
Frederico Rodrigues de Paula Santos,14,MID,"[92.25,47.25,51.5 ]",8.0,136.0,10.0,134.0
Marek RodÃÂÃÂ¡k,10,GK,"[ 2.25, 2.25,72.5 ]",0.0,9.0,0.0,9.0
Shandon Baptiste,4,MID,"[ 9.25,36.25,31.5 ]",1.0,49.0,2.0,48.0
MichaÃÂÃÂ Karbownik,5,DEF,"[0.25,0.25,0.5 ]",0.0,5.0,0.0,5.0
Mason Burstow,7,FWD,"[0.25,0.25,0.5 ]",0.0,5.0,0.0,5.0
AndrÃÂÃÂ© Onana,14,GK,"[0.25,0.25,0.5 ]",0.0,5.0,0.0,5.0
JuliÃÂÃÂ¡n ÃÂÃÂlvarez,13,FWD,"[10.25,21.25, 7.5 ]",9.0,27.0,3.0,33.0
Maxwel Cornet,19,MID,"[20.25,20.25,32.5 ]",9.0,36.0,2.0,43.0
Terence Kongolo,10,DEF,"[43.25, 3.25,79.5 ]",1.0,50.0,1.0,50.0
Caoimhin Kelleher,11,GK,"[  5.25,  0.25,143.5 ]",0.0,10.0,0.0,10.0
Ivan Neves Abreu Cavaleiro,10,MID,"[ 0.25, 0.25,38.5 ]",0.0,5.0,0.0,5.0
Chris Mepham,3,DEF,"[29.25,22.25,40.5 ]",1.0,55.0,1.0,55.0
Facundo Buonanotte,5,MID,"[6.25,7.25,9.5 ]",1.0,17.0,1.0,17.0
Samuel Bastien,6,MID,"[0.25,0.25,0.5 ]",0.0,5.0,0.0,5.0
John Fleck,17,MID,"[55.25, 6.25,15.5 ]",5.0,61.0,5.0,61.0
Rodrigo Muniz Carvalho,10,FWD,"[ 0.25, 0.25,38.5 ]",0.0,5.0,0.0,5.0
Arijanet Muric,6,GK,"[ 0.25, 0.25,36.5 ]",0.0,5.0,0.0,5.0
Josh Cullen,6,MID,"[ 0.25, 2.25,52.5 ]",0.0,7.0,0.0,7.0
Thomas Strakosha,4,GK,"[ 0.25, 0.25,38.5 ]",0.0,5.0,0.0,5.0
FÃÂÃÂ¡bio Ferreira Vieira,1,MID,"[ 2.25,20.25,16.5 ]",1.0,26.0,2.0,25.0
Cheick DoucourÃÂÃÂ©,8,MID,"[23.25,11.25, 4.5 ]",0.0,39.0,3.0,36.0
Joe Hodge,20,MID,"[0.25,0.25,0.5 ]",0.0,5.0,0.0,5.0
Omari Forson,14,MID,"[0.25,0.25,0.5 ]",0.0,5.0,0.0,5.0
Joel Matip,11,DEF,"[121.25, 19.25,126.5 ]",9.0,136.0,5.0,140.0
Davinson SÃÂÃÂ¡nchez,18,DEF,"[61.25,27.25,64.5 ]",2.0,91.0,3.0,90.0
Craig Dawson,20,DEF,"[163.25, 12.25, 49.5 ]",14.0,166.0,5.0,175.0
Toti AntÃÂÃÂ³nio Gomes,20,DEF,"[12.25, 9.25,36.5 ]",1.0,25.0,0.0,26.0
Nayef Aguerd,19,DEF,"[17.25, 1.25,20.5 ]",2.0,21.0,0.0,23.0
Diogo Dalot Teixeira,14,DEF,"[11.25,15.25,12.5 ]",1.0,30.0,2.0,29.0
Amadou Onana,9,MID,"[18.25,15.25, 4.5 ]",1.0,37.0,3.0,35.0
AdriÃÂÃÂ¡n San Miguel del Castillo,11,GK,"[ 13.25,  1.25,138.5 ]",0.0,19.0,0.0,19.0
Youssef Ramalho Chermiti,9,FWD,"[0.25,0.25,0.5 ]",0.0,5.0,0.0,5.0
Bukayo Saka,1,MID,"[106.25, 29.25, 35.5 ]",31.0,109.0,32.0,108.0
Ben Mee,4,DEF,"[206.25, 15.25, 45.5 ]",10.0,216.0,8.0,218.0
Joe Worrall,16,DEF,"[15.25,15.25, 8.5 ]",1.0,34.0,0.0,35.0
Diego Carlos Santos Silva,2,DEF,"[ 0.25, 3.25,35.5 ]",0.0,8.0,0.0,8.0
Lewis Cook,3,MID,"[56.25,47.25,87.5 ]",0.0,108.0,7.0,101.0
BendegÃÂÃÂºz Bolla,20,DEF,"[0.25,0.25,0.5 ]",0.0,5.0,0.0,5.0
Malo Gusto,7,DEF,"[0.25,0.25,0.5 ]",0.0,5.0,0.0,5.0
Amari'i Bell,12,DEF,"[0.25,0.25,0.5 ]",0.0,5.0,0.0,5.0
Dele Alli,9,MID,"[ 0.25, 2.25,36.5 ]",0.0,7.0,0.0,7.0
Noni Madueke,7,MID,"[7.25,5.25,6.5 ]",1.0,16.0,0.0,17.0
Milos Kerkez,3,DEF,"[0.25,0.25,0.5 ]",0.0,5.0,0.0,5.0
Luke Berry,12,MID,"[0.25,0.25,0.5 ]",0.0,5.0,0.0,5.0
Kortney Hause,2,DEF,"[ 28.25,  4.25,158.5 ]",3.0,34.0,0.0,37.0
Will Hughes,8,MID,"[87.25,33.25,70.5 ]",6.0,119.0,11.0,114.0
Alexander Isak,15,FWD,"[14.25, 8.25,13.5 ]",10.0,17.0,2.0,25.0
John-Kymani Gordon,8,FWD,"[ 0.25, 0.25,34.5 ]",0.0,5.0,0.0,5.0
Cheikhou KouyatÃÂÃÂ©,16,MID,"[89.25,30.25,31.5 ]",3.0,121.0,3.0,121.0
CÃÂÃÂ©dric Alves Soares,1,DEF,"[ 2.25, 6.25,28.5 ]",0.0,13.0,0.0,13.0
Pierre-Emerick Aubameyang,7,FWD,"[116.25, 27.25, 56.5 ]",69.0,79.0,20.0,128.0
Garang Kuol,15,MID,"[ 0.25, 0.25,21.5 ]",0.0,5.0,0.0,5.0
Antwoine Hackford,17,FWD,"[ 0.25, 1.25,21.5 ]",0.0,6.0,0.0,6.0
Ethan Pinnock,4,DEF,"[53.25, 9.25,14.5 ]",4.0,63.0,1.0,66.0
Jay Stansfield,10,FWD,"[ 0.25, 3.25,35.5 ]",0.0,8.0,1.0,7.0
Ryan Yates,16,MID,"[11.25,15.25,12.5 ]",0.0,31.0,3.0,28.0
Frank Onyeka,4,MID,"[17.25,24.25,35.5 ]",0.0,46.0,5.0,41.0
Naouirou Ahamada,8,MID,"[ 0.25, 8.25,10.5 ]",0.0,13.0,0.0,13.0
Philip Billing,3,MID,"[78.25,35.25,39.5 ]",10.0,108.0,3.0,115.0
Gabriel SÃÂÃÂonina,7,GK,"[0.25,0.25,0.5 ]",0.0,5.0,0.0,5.0
Marc GuÃÂÃÂ©hi,8,DEF,"[60.25,13.25, 3.5 ]",3.0,75.0,1.0,77.0
Seamus Coleman,9,DEF,"[148.25, 24.25, 94.5 ]",8.0,169.0,12.0,165.0
Diogo Teixeira da Silva,11,MID,"[10.25,12.25,16.5 ]",7.0,20.0,4.0,23.0
Matthew Dibley-Dias,10,MID,"[0.25,0.25,4.5 ]",0.0,5.0,0.0,5.0
James McAtee,13,MID,"[ 0.25, 2.25,63.5 ]",0.0,7.0,0.0,7.0
Erling Haaland,13,FWD,"[22.25,13.25, 3.5 ]",36.0,4.0,9.0,31.0
Jack Cork,6,MID,"[164.25,  7.25, 57.5 ]",4.0,172.0,4.0,172.0
Anthony Martial,14,FWD,"[112.25, 53.25,101.5 ]",51.0,119.0,35.0,135.0
Danny Welbeck,5,FWD,"[ 69.25, 81.25,111.5 ]",28.0,127.0,19.0,136.0
Carlos VinÃÂÃÂ­cius Alves Morais,10,FWD,"[ 9.25,19.25, 5.5 ]",5.0,28.0,2.0,31.0
Olu Aina,16,DEF,"[0.25,0.25,0.5 ]",0.0,5.0,0.0,5.0
Rodrigo Hernandez,13,MID,"[112.25, 26.25, 15.5 ]",14.0,129.0,12.0,131.0
Victor LindelÃÂÃÂ¶f,14,DEF,"[101.25, 11.25, 40.5 ]",2.0,115.0,3.0,114.0
Kevin De Bruyne,13,MID,"[173.25, 41.25, 53.5 ]",57.0,162.0,103.0,116.0
George Shelvey,16,GK,"[ 0.25, 0.25,13.5 ]",0.0,5.0,0.0,5.0
Lucas BergstrÃÂÃÂ¶m,7,GK,"[0.25,0.25,0.5 ]",0.0,5.0,0.0,5.0
Yasin Ayari,5,MID,"[ 1.25, 2.25,16.5 ]",0.0,8.0,0.0,8.0
Lewis Miley,15,MID,"[ 0.25, 1.25,16.5 ]",0.0,6.0,0.0,6.0
Fred Onyedinma,12,MID,"[0.25,0.25,0.5 ]",0.0,5.0,0.0,5.0
Gustavo Henrique Furtado Scarpa,16,MID,"[ 2.25, 4.25,15.5 ]",0.0,11.0,0.0,11.0
Aaron Hickey,4,DEF,"[15.25,11.25,12.5 ]",0.0,31.0,3.0,28.0
Mads Bidstrup,4,MID,"[ 0.25, 4.25,72.5 ]",0.0,9.0,0.0,9.0
Solly March,5,MID,"[18.25,15.25, 5.5 ]",6.0,32.0,10.0,28.0
David Datro Fofana,7,FWD,"[ 1.25, 2.25,19.5 ]",0.0,8.0,0.0,8.0
Declan Rice,1,MID,"[175.25, 29.25, 45.5 ]",10.0,199.0,13.0,196.0
Kacper KozÃÂÃÂowski,5,MID,"[ 0.25, 0.25,38.5 ]",0.0,5.0,0.0,5.0
Joe Rothwell,3,MID,"[12.25, 8.25,18.5 ]",0.0,25.0,1.0,24.0
Vini de Souza Costa,17,MID,"[0.25,0.25,0.5 ]",0.0,5.0,0.0,5.0
Ben Doak,11,MID,"[ 0.25, 2.25,23.5 ]",0.0,7.0,0.0,7.0
Sander Berge,6,MID,"[23.25, 6.25,23.5 ]",2.0,32.0,2.0,32.0
Fabio Henrique Tavares,11,MID,"[117.25, 34.25, 39.5 ]",8.0,148.0,10.0,146.0
Louie Marsh,17,FWD,"[0.25,0.25,0.5 ]",0.0,5.0,0.0,5.0
Oliver McBurnie,17,FWD,"[36.25,39.25,75.5 ]",7.0,73.0,4.0,76.0
Mathias Jensen,4,MID,"[40.25,28.25, 8.5 ]",5.0,68.0,8.0,65.0
Matt Macey,12,GK,"[ 0.25, 0.25,86.5 ]",0.0,5.0,0.0,5.0
Wesley Fofana,7,DEF,"[42.25,10.25,59.5 ]",1.0,56.0,1.0,56.0
Ryan Fredericks,3,DEF,"[ 43.25, 32.25,115.5 ]",2.0,78.0,4.0,76.0
Max Kilman,20,DEF,"[69.25,20.25,83.5 ]",1.0,93.0,3.0,91.0
Nathan AkÃÂÃÂ©,13,DEF,"[60.25,19.25,73.5 ]",6.0,78.0,2.0,82.0
Lewis Hall,7,DEF,"[ 8.25, 1.25,35.5 ]",0.0,14.0,0.0,14.0
Elliot Anderson,15,MID,"[ 3.25,20.25,77.5 ]",0.0,28.0,1.0,27.0
Mykhailo Mudryk,7,MID,"[7.25,8.25,4.5 ]",0.0,20.0,2.0,18.0
Siriki DembÃÂÃÂ©lÃÂÃÂ©,3,MID,"[ 0.25, 6.25,32.5 ]",0.0,11.0,0.0,11.0
Dejan Kulusevski,18,MID,"[32.25,16.25, 8.5 ]",7.0,46.0,16.0,37.0
Daniel Castelo Podence,20,MID,"[48.25,43.25,37.5 ]",12.0,84.0,7.0,89.0
Michale Olakigbe,4,MID,"[0.25,0.25,0.5 ]",0.0,5.0,0.0,5.0
Conor Gallagher,7,MID,"[73.25,26.25,13.5 ]",13.0,91.0,9.0,95.0
Eberechi Eze,8,MID,"[52.25,33.25,29.5 ]",15.0,75.0,14.0,76.0
Jonjo Shelvey,16,MID,"[115.25, 22.25, 91.5 ]",11.0,131.0,11.0,131.0
Thilo Kehrer,19,DEF,"[13.25,14.25, 9.5 ]",0.0,32.0,3.0,29.0
Ameen Al-Dakhil,6,DEF,"[0.25,0.25,0.5 ]",0.0,5.0,0.0,5.0
Hwang Ui-jo,16,FWD,"[0.25,0.25,0.5 ]",0.0,5.0,0.0,5.0
Julio Enciso,5,MID,"[ 7.25,13.25,18.5 ]",4.0,21.0,3.0,22.0
Norberto Murara Neto,3,GK,"[19.25, 8.25,10.5 ]",0.0,32.0,0.0,32.0
Richie Laryea,16,DEF,"[ 0.25, 0.25,38.5 ]",0.0,5.0,0.0,5.0
Antonee Robinson,10,DEF,"[46.25,17.25,13.5 ]",0.0,68.0,2.0,66.0
RaÃÂÃÂºl JimÃÂÃÂ©nez,10,FWD,"[81.25,16.25,55.5 ]",27.0,75.0,15.0,87.0
Louie Watson,12,MID,"[0.25,0.25,0.5 ]",0.0,5.0,0.0,5.0
Hwang Hee-chan,20,MID,"[ 9.25,18.25,11.5 ]",3.0,29.0,2.0,30.0
Willian Borges da Silva,10,MID,"[20.25, 7.25, 6.5 ]",5.0,27.0,7.0,25.0
Rhian Brewster,17,FWD,"[11.25,16.25,54.5 ]",0.0,32.0,0.0,32.0
Tom Lockyer,12,DEF,"[0.25,0.25,0.5 ]",0.0,5.0,0.0,5.0
Jordan Pickford,9,GK,"[232.25, 14.25, 20.5 ]",0.0,251.0,1.0,250.0
Anis Slimane,17,MID,"[0.25,0.25,0.5 ]",0.0,5.0,0.0,5.0
Bruno GuimarÃÂÃÂ£es Rodriguez Moura,15,MID,"[32.25,17.25, 6.5 ]",9.0,45.0,6.0,48.0
Ryan Fraser,15,MID,"[123.25, 50.25, 92.5 ]",18.0,160.0,40.0,138.0
Anthony Knockaert,10,MID,"[ 46.25, 17.25,127.5 ]",5.0,63.0,7.0,61.0
Harry Maguire,14,DEF,"[195.25, 21.25, 50.5 ]",11.0,210.0,10.0,211.0
Matheus Santos Carneiro Da Cunha,20,FWD,"[12.25, 5.25, 4.5 ]",2.0,20.0,0.0,22.0
Francisco Jorge TomÃÂÃÂ¡s Oliveira,20,MID,"[ 1.25, 7.25,48.5 ]",0.0,13.0,3.0,10.0
Ki-Jana Hoever,20,DEF,"[ 8.25,12.25,65.5 ]",0.0,25.0,0.0,25.0
Jacob Bruun Larsen,6,MID,"[0.25,0.25,0.5 ]",0.0,5.0,0.0,5.0
LoÃÂÃÂ¯c Mbe Soh,16,DEF,"[ 0.25, 0.25,38.5 ]",0.0,5.0,0.0,5.0
Moussa Diaby,2,MID,"[0.25,0.25,0.5 ]",0.0,5.0,0.0,5.0
Alfie Doughty,12,DEF,"[0.25,0.25,0.5 ]",0.0,5.0,0.0,5.0
JoÃÂÃÂ£o Cancelo,13,DEF,"[ 3.25,14.25,21.5 ]",2.0,20.0,2.0,20.0
Pau Torres,2,DEF,"[0.25,0.25,0.5 ]",0.0,5.0,0.0,5.0
Mohamed Elneny,1,MID,"[ 21.25, 19.25,151.5 ]",0.0,45.0,2.0,43.0
Jarrad Branthwaite,9,DEF,"[  7.25,  3.25,113.5 ]",1.0,14.0,0.0,15.0
Martin ÃÂÃÂdegaard,1,MID,"[66.25,21.25, 6.5 ]",23.0,69.0,14.0,78.0
Matheus Luiz Nunes,20,MID,"[19.25,15.25, 2.5 ]",1.0,38.0,1.0,38.0
Tom King,20,GK,"[0.25,0.25,0.5 ]",0.0,5.0,0.0,5.0
RÃÂÃÂºben Gato Alves Dias,13,DEF,"[13.25,13.25,12.5 ]",0.0,31.0,0.0,31.0
Dan Potts,12,DEF,"[0.25,0.25,0.5 ]",0.0,5.0,0.0,5.0
Djed Spence,18,DEF,"[ 0.25, 4.25,34.5 ]",0.0,9.0,0.0,9.0
Cameron Archer,2,FWD,"[ 0.25, 9.25,65.5 ]",0.0,14.0,0.0,14.0
Emiliano MartÃÂÃÂ­nez Romero,2,GK,"[22.25,14.25, 2.5 ]",0.0,41.0,0.0,41.0
Bobby De Cordova-Reid,10,MID,"[16.25,20.25, 2.5 ]",4.0,37.0,1.0,40.0
TomÃÂÃÂ¡ÃÂÃÂ¡ SouÃÂÃÂek,19,MID,"[0.25,0.25,0.5 ]",0.0,5.0,0.0,5.0
Ross Barkley,12,MID,"[ 77.25, 41.25,149.5 ]",13.0,110.0,23.0,100.0
JoÃÂÃÂ¡ko Gvardiol,13,DEF,"[0.25,0.25,0.5 ]",0.0,5.0,0.0,5.0
Cole Palmer,13,MID,"[  3.25, 15.25,103.5 ]",0.0,23.0,2.0,21.0
Ivan PeriÃÂÃÂ¡iÃÂÃÂ,18,DEF,"[15.25,19.25, 4.5 ]",1.0,38.0,8.0,31.0
Jordan Amissah,17,GK,"[0.25,0.25,0.5 ]",0.0,5.0,0.0,5.0
Carlos Henrique Casimiro,14,MID,"[18.25,10.25, 7.5 ]",4.0,29.0,3.0,30.0
Tom Heaton,14,GK,"[ 77.25,  1.25,188.5 ]",0.0,83.0,0.0,83.0
Sepp van den Berg,11,DEF,"[ 0.25, 0.25,38.5 ]",0.0,5.0,0.0,5.0
Anel AhmedhodÃÂÃÂ¾iÃÂÃÂ,17,DEF,"[0.25,0.25,0.5 ]",0.0,5.0,0.0,5.0
Max Aarons,3,DEF,"[32.25, 2.25, 4.5 ]",0.0,39.0,2.0,37.0
Josh Powell,16,DEF,"[0.25,0.25,0.5 ]",0.0,5.0,0.0,5.0
Cristian Romero,18,DEF,"[40.25, 9.25,27.5 ]",1.0,53.0,2.0,52.0
Daniel Bentley,20,GK,"[ 2.25, 0.25,16.5 ]",0.0,7.0,0.0,7.0
Ethan Ampadu,7,DEF,"[ 24.25,  2.25,194.5 ]",0.0,31.0,0.0,31.0
Jan Paul van Hecke,5,DEF,"[ 3.25, 5.25,30.5 ]",0.0,13.0,0.0,13.0
Yasser Larouci,17,DEF,"[0.25,0.25,0.5 ]",0.0,5.0,0.0,5.0
Carney Chukwuemeka,7,MID,"[ 4.25,24.25,64.5 ]",0.0,33.0,1.0,32.0
Carlton Morris,12,FWD,"[0.25,0.25,0.5 ]",0.0,5.0,0.0,5.0
Adam Davies,17,GK,"[0.25,0.25,0.5 ]",0.0,5.0,0.0,5.0
Tyrick Mitchell,8,DEF,"[78.25,17.25,41.5 ]",1.0,99.0,6.0,94.0
James Maddison,18,MID,"[129.25, 34.25, 27.5 ]",43.0,125.0,39.0,129.0
Cauley Woodrow,12,FWD,"[0.25,0.25,0.5 ]",0.0,5.0,0.0,5.0
Mohamed Salah,11,MID,"[191.25, 27.25, 10.5 ]",137.0,86.0,67.0,156.0
Harry Kane,18,FWD,"[213.25, 21.25, 32.5 ]",163.0,76.0,51.0,188.0
Yegor Yarmolyuk,4,MID,"[ 0.25, 0.25,26.5 ]",0.0,5.0,0.0,5.0
Zack Steffen,13,GK,"[  2.25,  0.25,112.5 ]",0.0,7.0,0.0,7.0
Antoine Semenyo,3,FWD,"[2.25,9.25,7.5 ]",1.0,15.0,0.0,16.0
Christian Pulisic,7,MID,"[55.25,43.25,54.5 ]",20.0,83.0,14.0,89.0
Adam Webster,5,DEF,"[82.25,27.25,43.5 ]",6.0,108.0,1.0,113.0
Darwin NÃÂÃÂºÃÂÃÂ±ez Ribeiro,11,FWD,"[13.25,16.25, 9.5 ]",9.0,25.0,5.0,29.0
Axel Disasi,7,DEF,"[0.25,0.25,0.5 ]",0.0,5.0,0.0,5.0
Enock Agyei,6,MID,"[0.25,0.25,0.5 ]",0.0,5.0,0.0,5.0
Folarin Balogun,1,FWD,"[ 1.25, 1.25,36.5 ]",0.0,7.0,0.0,7.0
Tyrone Mings,2,DEF,"[134.25, 22.25,110.5 ]",6.0,155.0,11.0,150.0
Conor Coventry,19,MID,"[  0.25,  1.25,122.5 ]",0.0,6.0,0.0,6.0
Ismaila Coulibaly,17,MID,"[0.25,0.25,0.5 ]",0.0,5.0,0.0,5.0
Josh Brownhill,6,MID,"[72.25, 6.25,12.5 ]",2.0,81.0,4.0,79.0
Fraser Forster,18,GK,"[ 99.25,  1.25,166.5 ]",0.0,105.0,0.0,105.0
Jefferson Lerma SolÃÂÃÂ­s,8,MID,"[23.25,14.25, 1.5 ]",5.0,37.0,0.0,42.0
Luke Freeman,12,MID,"[ 4.25, 7.25,65.5 ]",0.0,16.0,0.0,16.0
Lewis Dunk,5,DEF,"[194.25, 14.25, 20.5 ]",13.0,200.0,6.0,207.0
CÃÂÃÂ©sar Azpilicueta,7,DEF,"[93.25,21.25,38.5 ]",4.0,115.0,11.0,108.0
Steve Cook,16,DEF,"[126.25, 18.25, 46.5 ]",6.0,143.0,2.0,147.0
Hjalmar Ekdal,6,DEF,"[0.25,0.25,0.5 ]",0.0,5.0,0.0,5.0
Alex Telles,14,DEF,"[ 0.25, 0.25,38.5 ]",0.0,5.0,0.0,5.0
JosÃÂÃÂ© Malheiro de SÃÂÃÂ¡,20,GK,"[58.25,15.25, 3.5 ]",0.0,78.0,1.0,77.0
JoÃÂÃÂ£o Neves VirgÃÂÃÂ­nia,9,GK,"[0.25,0.25,0.5 ]",0.0,5.0,0.0,5.0
SaÃÂÃÂ¡a LukiÃÂÃÂ,10,MID,"[0.25,0.25,0.5 ]",0.0,5.0,0.0,5.0
Emiliano Marcondes,3,MID,"[ 0.25, 1.25,37.5 ]",0.0,6.0,0.0,6.0
Jacob Ramsey,2,MID,"[53.25,38.25,22.5 ]",12.0,84.0,9.0,87.0
Sandro Tonali,15,MID,"[0.25,0.25,0.5 ]",0.0,5.0,0.0,5.0
Keane Lewis-Potter,4,MID,"[ 0.25,10.25,28.5 ]",0.0,15.0,1.0,14.0
Dwight McNeil,9,MID,"[145.25, 25.25, 18.5 ]",14.0,161.0,22.0,153.0
MoisÃÂÃÂ©s Caicedo Corozo,5,MID,"[21.25,16.25, 1.5 ]",1.0,41.0,1.0,41.0
Jorge Luiz Frello Filho,1,MID,"[127.25, 30.25, 34.5 ]",21.0,141.0,9.0,153.0
Kenny Tete,10,DEF,"[37.25,16.25,23.5 ]",1.0,57.0,6.0,52.0
Darko Churlinov,6,MID,"[0.25,0.25,0.5 ]",0.0,5.0,0.0,5.0
Jack Walton,12,GK,"[0.25,0.25,0.5 ]",0.0,5.0,0.0,5.0
Adam Smith,3,DEF,"[123.25, 26.25, 41.5 ]",3.0,151.0,11.0,143.0
CJ Egan-Riley,6,DEF,"[0.25,0.25,0.5 ]",0.0,5.0,0.0,5.0
Romelu Lukaku Bolingoli,7,FWD,"[0.25,0.25,0.5 ]",0.0,5.0,0.0,5.0
James Garner,9,MID,"[  7.25, 11.25,107.5 ]",0.0,23.0,1.0,22.0
Thiago Emiliano da Silva,7,DEF,"[44.25,15.25,17.5 ]",3.0,61.0,3.0,61.0
Rob Holding,1,DEF,"[ 75.25, 23.25,169.5 ]",2.0,101.0,2.0,101.0
Aaron Wan-Bissaka,14,DEF,"[146.25,  4.25, 84.5 ]",2.0,153.0,12.0,143.0
Deniz Undav,5,FWD,"[ 6.25,16.25,16.5 ]",5.0,22.0,2.0,25.0
ÃÂÃÂlvaro FernÃÂÃÂ¡ndez Carreras,14,DEF,"[0.25,0.25,0.5 ]",0.0,5.0,0.0,5.0
Bertrand TraorÃÂÃÂ©,2,MID,"[29.25,24.25,60.5 ]",9.0,49.0,8.0,50.0
Nathan Patterson,9,DEF,"[ 7.25,12.25,40.5 ]",0.0,24.0,0.0,24.0
Christopher Nkunku,7,FWD,"[0.25,0.25,0.5 ]",0.0,5.0,0.0,5.0
Serge Aurier,16,DEF,"[ 87.25, 14.25,118.5 ]",6.0,100.0,14.0,92.0
Tom Cairney,10,MID,"[39.25,35.25,40.5 ]",4.0,75.0,3.0,76.0
Harry Arter,16,MID,"[67.25, 6.25,79.5 ]",2.0,76.0,5.0,73.0
Mohamed DrÃÂÃÂ¤ger,16,DEF,"[ 0.25, 0.25,38.5 ]",0.0,5.0,0.0,5.0
RÃÂÃÂºnar Alex RÃÂÃÂºnarsson,1,GK,"[ 0.25, 1.25,73.5 ]",0.0,6.0,0.0,6.0
Scott Carson,13,GK,"[  1.25,  0.25,126.5 ]",0.0,6.0,0.0,6.0
BÃÂÃÂ©nie TraorÃÂÃÂ©,17,FWD,"[0.25,0.25,0.5 ]",0.0,5.0,0.0,5.0
JurriÃÂÃÂ«n Timber,1,DEF,"[0.25,0.25,0.5 ]",0.0,5.0,0.0,5.0
Jordan Beyer,6,DEF,"[0.25,0.25,0.5 ]",0.0,5.0,0.0,5.0
Wes Foderingham,17,GK,"[ 0.25, 0.25,38.5 ]",0.0,5.0,0.0,5.0
Odsonne Edouard,8,FWD,"[29.25,34.25,10.5 ]",11.0,57.0,6.0,62.0
Jamal Lowe,3,MID,"[ 0.25, 2.25,36.5 ]",0.0,7.0,0.0,7.0
Owen Dodgson,6,DEF,"[ 0.25, 0.25,37.5 ]",0.0,5.0,0.0,5.0
Matt Ritchie,15,MID,"[112.25, 20.25, 96.5 ]",7.0,130.0,23.0,114.0
Lyle Foster,6,FWD,"[0.25,0.25,0.5 ]",0.0,5.0,0.0,5.0
James Milner,5,MID,"[100.25,102.25, 64.5 ]",14.0,193.0,18.0,189.0
Nathan Redmond,6,MID,"[157.25, 38.25, 71.5 ]",21.0,179.0,22.0,178.0
Mathias Jorgensen,4,DEF,"[74.25,14.25,58.5 ]",4.0,89.0,5.0,88.0
Michael Olise,8,MID,"[35.25,28.25,13.5 ]",4.0,64.0,17.0,51.0
Oliver Skipp,18,MID,"[ 32.25, 24.25,127.5 ]",1.0,60.0,0.0,61.0
Leander Dendoncker,2,MID,"[100.25, 44.25, 46.5 ]",9.0,140.0,5.0,144.0
Scott McKenna,16,DEF,"[ 5.25,15.25,18.5 ]",0.0,25.0,0.0,25.0
Michael Keane,9,DEF,"[198.25, 10.25, 58.5 ]",12.0,201.0,9.0,204.0
Sasa Kalajdzic,20,FWD,"[ 0.25, 1.25,32.5 ]",0.0,6.0,0.0,6.0
Jarrod Bowen,19,MID,"[97.25,35.25,33.5 ]",27.0,110.0,36.0,101.0
Matt Turner,16,GK,"[ 0.25, 0.25,38.5 ]",0.0,5.0,0.0,5.0
Raheem Sterling,7,MID,"[181.25, 41.25, 45.5 ]",91.0,136.0,72.0,155.0
Kell Watts,15,DEF,"[0.25,0.25,0.5 ]",0.0,5.0,0.0,5.0
Mads Juel Andersen,12,DEF,"[0.25,0.25,0.5 ]",0.0,5.0,0.0,5.0
Sergi CanÃÂÃÂ³s TenÃÂÃÂ©s,4,MID,"[ 0.25, 5.25,33.5 ]",0.0,10.0,0.0,10.0
Ryan Christie,3,MID,"[13.25,19.25, 6.5 ]",1.0,36.0,2.0,35.0
Robert SÃÂÃÂ¡nchez,7,GK,"[74.25,13.25,21.5 ]",0.0,92.0,0.0,92.0
Gavin Kilkenny,3,MID,"[ 0.25, 0.25,25.5 ]",0.0,5.0,0.0,5.0
Armando Broja,7,FWD,"[22.25,23.25,41.5 ]",7.0,43.0,3.0,47.0
Dominic Solanke,3,FWD,"[45.25,51.25,87.5 ]",10.0,91.0,15.0,86.0
Chris Wood,16,FWD,"[147.25, 39.25, 38.5 ]",54.0,137.0,8.0,183.0
Alex Scott,3,MID,"[0.25,0.25,0.5 ]",0.0,5.0,0.0,5.0
Jaden Philogene-Bidace,2,MID,"[ 0.25, 2.25,87.5 ]",0.0,7.0,0.0,7.0
Kalvin Phillips,13,MID,"[45.25,16.25,53.5 ]",1.0,65.0,3.0,63.0
Rodrigo Bentancur,18,MID,"[20.25,15.25,21.5 ]",5.0,35.0,6.0,34.0
Matty Cash,2,DEF,"[ 9.25,17.25,12.5 ]",0.0,31.0,2.0,29.0
Mason Holgate,9,DEF,"[104.25, 22.25,140.5 ]",3.0,128.0,7.0,124.0
Glen Rea,12,MID,"[0.25,0.25,0.5 ]",0.0,5.0,0.0,5.0
Jaidon Anthony,3,MID,"[10.25,20.25, 8.5 ]",3.0,32.0,1.0,34.0
Tariq Lamptey,5,DEF,"[35.25,35.25,63.5 ]",1.0,74.0,6.0,69.0
Joseph Anang,19,GK,"[ 0.25, 0.25,39.5 ]",0.0,5.0,0.0,5.0
George Baldock,17,DEF,"[68.25, 2.25, 6.5 ]",2.0,73.0,6.0,69.0
Jeff Hendrick,15,MID,"[120.25, 27.25,116.5 ]",11.0,141.0,8.0,144.0
Mark Gillespie,15,GK,"[ 0.25, 0.25,77.5 ]",0.0,5.0,0.0,5.0
NÃÂÃÂ©lson Cabral Semedo,20,DEF,"[83.25,12.25,17.5 ]",1.0,99.0,5.0,95.0
Kevin Mbabu,10,DEF,"[ 0.25, 6.25,32.5 ]",0.0,11.0,1.0,10.0
Tyrell Malacia,14,DEF,"[ 9.25,13.25,16.5 ]",0.0,27.0,0.0,27.0
Chris Richards,8,DEF,"[ 4.25, 5.25,29.5 ]",0.0,14.0,0.0,14.0
Jordan Henderson,11,MID,"[158.25, 46.25, 62.5 ]",10.0,199.0,23.0,186.0
Kyle Walker,13,DEF,"[173.25, 25.25, 69.5 ]",3.0,200.0,20.0,183.0
Jacob Brown,12,FWD,"[0.25,0.25,0.5 ]",0.0,5.0,0.0,5.0
Vicente Guaita,8,GK,"[134.25, 15.25, 41.5 ]",0.0,154.0,0.0,154.0
Braian Ojeda RodrÃÂÃÂ­guez,16,MID,"[ 0.25, 0.25,38.5 ]",0.0,5.0,0.0,5.0
Mads Bech SÃÂÃÂ¸rensen,4,DEF,"[ 9.25, 6.25,61.5 ]",0.0,20.0,0.0,20.0
Radek VÃÂÃÂ­tek,14,GK,"[0.25,0.25,0.5 ]",0.0,5.0,0.0,5.0
Wataru Endo,11,MID,"[0.25,0.25,0.5 ]",0.0,5.0,0.0,5.0
Adama TraorÃÂÃÂ©,10,MID,"[65.25,29.25,20.5 ]",7.0,92.0,14.0,85.0
Gustavo Hamer,17,MID,"[0.25,0.25,0.5 ]",0.0,5.0,0.0,5.0
James Ward-Prowse,19,MID,"[197.25, 39.25, 30.5 ]",46.0,195.0,29.0,212.0
Bashir Humphreys,7,DEF,"[ 0.25, 0.25,24.5 ]",0.0,5.0,0.0,5.0
Tom Davies,17,MID,"[ 86.25, 67.25,113.5 ]",6.0,152.0,7.0,151.0
RomÃÂÃÂ©o Lavia,7,MID,"[21.25, 8.25, 9.5 ]",1.0,33.0,1.0,33.0
Jack Harrison,9,MID,"[81.25,26.25, 7.5 ]",21.0,91.0,19.0,93.0
Filip Marschall,2,GK,"[ 0.25, 0.25,45.5 ]",0.0,5.0,0.0,5.0
Eddie Beach,7,GK,"[0.25,0.25,0.5 ]",0.0,5.0,0.0,5.0
Wilson Odobert,6,MID,"[0.25,0.25,0.5 ]",0.0,5.0,0.0,5.0
Joseph Johnson,12,DEF,"[0.25,0.25,0.5 ]",0.0,5.0,0.0,5.0
Tyler Adams,3,MID,"[12.25,12.25,14.5 ]",0.0,29.0,0.0,29.0
Ethan Brierley,4,MID,"[0.25,0.25,0.5 ]",0.0,5.0,0.0,5.0
Tim Krul,12,GK,"[65.25, 0.25,46.5 ]",0.0,70.0,0.0,70.0
Hannes Delcroix,6,DEF,"[0.25,0.25,0.5 ]",0.0,5.0,0.0,5.0
NicolÃÂÃÂ² Zaniolo,2,MID,"[0.25,0.25,0.5 ]",0.0,5.0,0.0,5.0
Deivid Washington de Souza EugÃÂÃÂªnio,7,FWD,"[0.25,0.25,0.5 ]",0.0,5.0,0.0,5.0
Oliwier Zych,2,GK,"[ 0.25, 0.25,17.5 ]",0.0,5.0,0.0,5.0
JÃÂÃÂ©rÃÂÃÂ©my Doku,13,MID,"[0.25,0.25,0.5 ]",0.0,5.0,0.0,5.0
Luke Harris,10,MID,"[ 0.25, 3.25,35.5 ]",0.0,8.0,0.0,8.0
Gonzalo Montiel,16,DEF,"[0.25,0.25,0.5 ]",0.0,5.0,0.0,5.0
Konstantinos Mavropanos,19,DEF,"[  3.25,  4.25,124.5 ]",0.0,12.0,0.0,12.0
Diego Manuel Jadon da Silva Moreira,7,MID,"[0.25,0.25,0.5 ]",0.0,5.0,0.0,5.0
Aaron Ramsey,6,MID,"[45.25,30.25,77.5 ]",12.0,68.0,20.0,60.0
Daniel Gore,14,MID,"[0.25,0.25,0.5 ]",0.0,5.0,0.0,5.0
Anssumane Fati Vieira,5,MID,"[0.25,0.25,0.5 ]",0.0,5.0,0.0,5.0
Carlos Baleba,5,MID,"[0.25,0.25,0.5 ]",0.0,5.0,0.0,5.0
Ashley Phillips,18,DEF,"[0.25,0.25,0.5 ]",0.0,5.0,0.0,5.0
Jonny Evans,14,DEF,"[160.25, 20.25, 86.5 ]",9.0,176.0,8.0,177.0
Murillo Santiago Costa dos Santos,16,DEF,"[0.25,0.25,0.5 ]",0.0,5.0,0.0,5.0
Enso GonzÃÂÃÂ¡lez,20,MID,"[0.25,0.25,0.5 ]",0.0,5.0,0.0,5.0
Saman Ghoddos,4,MID,"[ 4.25,28.25,44.5 ]",1.0,36.0,2.0,35.0
Djordje Petrovic,7,GK,"[0.25,0.25,0.5 ]",0.0,5.0,0.0,5.0
Norberto Bercique Gomes Betuncal,9,FWD,"[0.25,0.25,0.5 ]",0.0,5.0,0.0,5.0
Mohammed Kudus,19,MID,"[0.25,0.25,0.5 ]",0.0,5.0,0.0,5.0
Han-Noah Massengo,6,MID,"[0.25,0.25,0.5 ]",0.0,5.0,0.0,5.0
ClÃÂÃÂ©ment Lenglet,2,DEF,"[18.25, 8.25,12.5 ]",0.0,31.0,2.0,29.0
Steven Benda,10,GK,"[0.25,0.25,0.5 ]",0.0,5.0,0.0,5.0
Santiago Bueno,20,DEF,"[0.25,0.25,0.5 ]",0.0,5.0,0.0,5.0
Luke Thomas,17,DEF,"[43.25,13.25,61.5 ]",1.0,60.0,3.0,58.0
Altay Bayindir,14,GK,"[0.25,0.25,0.5 ]",0.0,5.0,0.0,5.0
Nathan Fraser,20,FWD,"[ 0.25, 0.25,25.5 ]",0.0,5.0,0.0,5.0
Timothy Castagne,10,DEF,"[73.25,18.25,23.5 ]",5.0,91.0,8.0,88.0
Divock Origi,16,FWD,"[ 27.25, 64.25,129.5 ]",17.0,79.0,8.0,88.0
Luis Sinisterra,3,MID,"[0.25,0.25,0.5 ]",0.0,5.0,0.0,5.0
Ibrahim SangarÃÂÃÂ©,16,MID,"[0.25,0.25,0.5 ]",0.0,5.0,0.0,5.0
Alfie Gilchrist,7,DEF,"[0.25,0.25,3.5 ]",0.0,5.0,0.0,5.0
FodÃÂÃÂ© Ballo-TourÃÂÃÂ©,10,DEF,"[0.25,0.25,0.5 ]",0.0,5.0,0.0,5.0
Andrew Omobamidele,16,DEF,"[ 4.25, 1.25,33.5 ]",1.0,9.0,0.0,10.0
Jean-Ricner Bellegarde,20,MID,"[0.25,0.25,0.5 ]",0.0,5.0,0.0,5.0
Mike TrÃÂÃÂ©sor,6,MID,"[0.25,0.25,0.5 ]",0.0,5.0,0.0,5.0
Ryan Gravenberch,11,MID,"[0.25,0.25,0.5 ]",0.0,5.0,0.0,5.0
Sofyan Amrabat,14,MID,"[0.25,0.25,0.5 ]",0.0,5.0,0.0,5.0
Michael Olakigbe,4,MID,"[ 0.25, 0.25,11.5 ]",0.0,5.0,0.0,5.0
Odysseas Vlachodimos,16,GK,"[0.25,0.25,0.5 ]",0.0,5.0,0.0,5.0
NicolÃÂÃÂ¡s DomÃÂÃÂ­nguez,16,MID,"[0.25,0.25,0.5 ]",0.0,5.0,0.0,5.0
Alex Matos,7,MID,"[0.25,0.25,0.5 ]",0.0,5.0,0.0,5.0
Ronnie Stutter,7,FWD,"[0.25,0.25,0.5 ]",0.0,5.0,0.0,5.0
Mackenzie Hunt,9,MID,"[0.25,0.25,0.5 ]",0.0,5.0,0.0,5.0
Josh Brooking,7,DEF,"[0.25,0.25,0.5 ]",0.0,5.0,0.0,5.0
Jamie Donley,18,FWD,"[0.25,0.25,0.5 ]",0.0,5.0,0.0,5.0
Ademola Ola-Adebomi,8,FWD,"[0.25,0.25,0.5 ]",0.0,5.0,0.0,5.0
David Ozoh,8,MID,"[ 0.25, 1.25,22.5 ]",0.0,6.0,0.0,6.0
Ji-Soo Kim,4,DEF,"[0.25,0.25,0.5 ]",0.0,5.0,0.0,5.0
Jadan Raymond,8,MID,"[0.25,0.25,0.5 ]",0.0,5.0,0.0,5.0
Luke Chambers,11,DEF,"[ 0.25, 0.25,38.5 ]",0.0,5.0,0.0,5.0
Jayden Luker,12,MID,"[0.25,0.25,0.5 ]",0.0,5.0,0.0,5.0
Jili Buyabu,17,DEF,"[0.25,0.25,0.5 ]",0.0,5.0,0.0,5.0
Ryan OnÃÂÃÂ©,17,MID,"[0.25,0.25,0.5 ]",0.0,5.0,0.0,5.0
Callum Scanlon,11,DEF,"[0.25,0.25,0.5 ]",0.0,5.0,0.0,5.0
Andros Townsend,12,MID,"[152.25, 37.25, 77.5 ]",16.0,178.0,29.0,165.0
Devan Tanton,10,DEF,"[0.25,0.25,0.5 ]",0.0,5.0,0.0,5.0
Zack Nelson,12,MID,"[0.25,0.25,0.5 ]",0.0,5.0,0.0,5.0
Valintino Adedokun,4,DEF,"[0.25,0.25,0.5 ]",0.0,5.0,0.0,5.0
Benicio Baker-Boaitey,5,MID,"[0.25,0.25,0.5 ]",0.0,5.0,0.0,5.0
Reuell Walters,1,DEF,"[ 0.25, 0.25,11.5 ]",0.0,5.0,0.0,5.0
Amadou Diallo,15,MID,"[0.25,0.25,0.5 ]",0.0,5.0,0.0,5.0
Alfie Dorrington,18,DEF,"[0.25,0.25,0.5 ]",0.0,5.0,0.0,5.0
Mark OÃÂ¢ÃÂÃÂMahony,5,FWD,"[0.25,0.25,0.5 ]",0.0,5.0,0.0,5.0
Treymaurice Nyoni,11,MID,"[0.25,0.25,0.5 ]",0.0,5.0,0.0,5.0
Ben Parkinson,15,FWD,"[0.25,0.25,0.5 ]",0.0,5.0,0.0,5.0
Charles Sagoe,1,MID,"[0.25,0.25,0.5 ]",0.0,5.0,0.0,5.0
Myles Peart-Harris,4,MID,"[ 0.25, 0.25,22.5 ]",0.0,5.0,0.0,5.0
Bradley Ibrahim,1,MID,"[0.25,0.25,0.5 ]",0.0,5.0,0.0,5.0
Yegor Yarmoliuk,4,MID,"[0.25,0.25,0.5 ]",0.0,5.0,0.0,5.0
Joshua Duffus,5,MID,"[0.25,0.25,0.5 ]",0.0,5.0,0.0,5.0
Michael Ndiweni,15,FWD,"[0.25,0.25,0.5 ]",0.0,5.0,0.0,5.0
Joe Hugill,14,FWD,"[0.25,0.25,0.5 ]",0.0,5.0,0.0,5.0
Ben Jackson,5,DEF,"[0.25,0.25,0.5 ]",0.0,5.0,0.0,5.0
Justin Hubner,20,DEF,"[0.25,0.25,0.5 ]",0.0,5.0,0.0,5.0
Leigh Kavanagh,5,DEF,"[0.25,0.25,0.5 ]",0.0,5.0,0.0,5.0
Vincent Angelini,4,GK,"[ 0.25, 0.25,23.5 ]",0.0,5.0,0.0,5.0
Matthew Whittingham,20,MID,"[0.25,0.25,0.5 ]",0.0,5.0,0.0,5.0
Yago de Santiago Alonso,18,MID,"[0.25,0.25,1.5 ]",0.0,5.0,0.0,5.0
Tawanda Chirewa,20,MID,"[0.25,0.25,0.5 ]",0.0,5.0,0.0,5.0
Leo Castledine,7,MID,"[0.25,0.25,0.5 ]",0.0,5.0,0.0,5.0
Conor Bradley,11,DEF,"[ 0.25, 0.25,27.5 ]",0.0,5.0,0.0,5.0
Marcelo de AraÃÂÃÂºjo Pitaluga Filho,11,GK,"[ 0.25, 0.25,22.5 ]",0.0,5.0,0.0,5.0
Luca Barrington,5,MID,"[0.25,0.25,0.5 ]",0.0,5.0,0.0,5.0
Sydie Peck,17,MID,"[0.25,0.25,0.5 ]",0.0,5.0,0.0,5.0
Myles Lewis-Skelly,1,MID,"[0.25,0.25,0.5 ]",0.0,5.0,0.0,5.0
Tayo Adaramola,8,DEF,"[ 0.25, 0.25,16.5 ]",0.0,5.0,0.0,5.0
Elijah Campbell,9,DEF,"[0.25,0.25,0.5 ]",0.0,5.0,0.0,5.0
Mahamadou Susoho,13,MID,"[0.25,0.25,0.5 ]",0.0,5.0,0.0,5.0
Jenson Metcalfe,9,MID,"[0.25,0.25,0.5 ]",0.0,5.0,0.0,5.0
Sam Proctor,2,GK,"[0.25,0.25,0.5 ]",0.0,5.0,0.0,5.0
Willy Kambwala,14,DEF,"[0.25,0.25,0.5 ]",0.0,5.0,0.0,5.0
Tommi O'Reilly,2,MID,"[ 0.25, 0.25,20.5 ]",0.0,5.0,0.0,5.0
Owen Hesketh,20,MID,"[0.25,0.25,0.5 ]",0.0,5.0,0.0,5.0
Ty Barnett,20,MID,"[0.25,0.25,0.5 ]",0.0,5.0,0.0,5.0
Rhys Bennett,14,DEF,"[ 0.25, 0.25,24.5 ]",0.0,5.0,0.0,5.0
Ethan Nwaneri,1,MID,"[ 0.25, 1.25,31.5 ]",0.0,6.0,0.0,6.0
Micah Hamilton,13,MID,"[0.25,0.25,0.5 ]",0.0,5.0,0.0,5.0
Kaelan Casey,19,DEF,"[ 0.25, 0.25,16.5 ]",0.0,5.0,0.0,5.0
Lewis Orford,19,MID,"[0.25,0.25,0.5 ]",0.0,5.0,0.0,5.0
Joe Gardner,16,FWD,"[0.25,0.25,0.5 ]",0.0,5.0,0.0,5.0
Oliver Scarles,19,DEF,"[0.25,0.25,0.5 ]",0.0,5.0,0.0,5.0
Owen Beck,11,DEF,"[ 0.25, 0.25,27.5 ]",0.0,5.0,0.0,5.0
Detlef Esapa Osong,16,FWD,"[0.25,0.25,0.5 ]",0.0,5.0,0.0,5.0
Ben Brereton,17,MID,"[0.25,0.25,0.5 ]",0.0,5.0,0.0,5.0
Yerson Mosquera,20,DEF,"[0.25,0.25,0.5 ]",0.0,5.0,0.0,5.0
Callum Marshall,19,FWD,"[0.25,0.25,0.5 ]",0.0,5.0,0.0,5.0
Jamie McDonnell,16,MID,"[0.25,0.25,0.5 ]",0.0,5.0,0.0,5.0
Timo Werner,18,FWD,"[43.25,13.25,58.5 ]",10.0,51.0,14.0,47.0
Kaide Gordon,11,MID,"[ 0.25, 1.25,26.5 ]",0.0,6.0,0.0,6.0
Radu Dragusin,18,DEF,"[0.25,0.25,0.5 ]",0.0,5.0,0.0,5.0
James Wright,2,GK,"[ 0.25, 0.25,11.5 ]",0.0,5.0,0.0,5.0
Cameron Peupion,5,MID,"[0.25,1.25,7.5 ]",0.0,6.0,0.0,6.0
Harvey Griffiths,20,MID,"[ 0.25, 0.25,25.5 ]",0.0,5.0,0.0,5.0
ÃÂÃÂorÃÂÃÂe PetroviÃÂÃÂ,7,GK,"[0.25,0.25,0.5 ]",0.0,5.0,0.0,5.0
Travis Hernes,15,MID,"[0.25,0.25,0.5 ]",0.0,5.0,0.0,5.0
Ivo Grbic,17,GK,"[0.25,0.25,0.5 ]",0.0,5.0,0.0,5.0
Kristian Sekularac,10,MID,"[ 0.25, 0.25,24.5 ]",0.0,5.0,0.0,5.0
Max Kinsey-Wellings,3,DEF,"[ 0.25, 0.25,18.5 ]",0.0,5.0,0.0,5.0
Romain Faivre,3,MID,"[0.25,0.25,0.5 ]",0.0,5.0,0.0,5.0
Kaine Kesler-Hayden,2,DEF,"[0.25,0.25,0.5 ]",0.0,5.0,0.0,5.0
Cesare Casadei,7,MID,"[0.25,0.25,0.5 ]",0.0,5.0,0.0,5.0
Noha Lemina,20,MID,"[0.25,0.25,0.5 ]",0.0,5.0,0.0,5.0
Daniel MuÃÂÃÂ±oz,8,DEF,"[0.25,0.25,0.5 ]",0.0,5.0,0.0,5.0
Benjamin Fredrick,4,DEF,"[0.25,0.25,0.5 ]",0.0,5.0,0.0,5.0
Joe White,15,MID,"[ 0.25, 0.25,35.5 ]",0.0,5.0,0.0,5.0
HÃÂÃÂ¡kon Valdimarsson,4,GK,"[0.25,0.25,0.5 ]",0.0,5.0,0.0,5.0
Adam Wharton,8,MID,"[0.25,0.25,0.5 ]",0.0,5.0,0.0,5.0
Daiki Hashioka,12,DEF,"[0.25,0.25,0.5 ]",0.0,5.0,0.0,5.0
Rodrigo Duarte Ribeiro,16,FWD,"[0.25,0.25,0.5 ]",0.0,5.0,0.0,5.0
Enes ÃÂÃÂnal,3,FWD,"[0.25,0.25,0.5 ]",0.0,5.0,0.0,5.0
Morgan Rogers,2,MID,"[0.25,0.25,0.5 ]",0.0,5.0,0.0,5.0
Matz Sels,16,GK,"[0.25,0.25,0.5 ]",0.0,5.0,0.0,5.0
Maxime Esteve,6,DEF,"[0.25,0.25,0.5 ]",0.0,5.0,0.0,5.0
Joshua King,10,MID,"[138.25, 35.25, 36.5 ]",47.0,131.0,19.0,159.0
Giovanni Reyna,16,MID,"[0.25,0.25,0.5 ]",0.0,5.0,0.0,5.0
Lorenz Assignon,6,DEF,"[0.25,0.25,0.5 ]",0.0,5.0,0.0,5.0
Fabian Mrozek,11,GK,"[0.25,0.25,0.5 ]",0.0,5.0,0.0,5.0
Mauro Bandeira,1,MID,"[0.25,0.25,2.5 ]",0.0,5.0,0.0,5.0
Dominic Sadi,3,MID,"[ 0.25, 0.25,20.5 ]",0.0,5.0,0.0,5.0
Jacob Wright,13,MID,"[0.25,0.25,0.5 ]",0.0,5.0,0.0,5.0
Lewis Koumas,11,FWD,"[0.25,0.25,0.5 ]",0.0,5.0,0.0,5.0
ValentÃÂÃÂ­n Barco,5,DEF,"[0.25,0.25,0.5 ]",0.0,5.0,0.0,5.0
James Sweet,1,DEF,"[0.25,0.25,0.5 ]",0.0,5.0,0.0,5.0
Franco Umeh-Chibueze,8,FWD,"[0.25,0.25,0.5 ]",0.0,5.0,0.0,5.0
Billy Blacker,17,FWD,"[0.25,0.25,0.5 ]",0.0,5.0,0.0,5.0
Ollie Harrison,7,MID,"[0.25,0.25,0.5 ]",0.0,5.0,0.0,5.0
Oliver Arblaster,17,MID,"[0.25,0.25,0.5 ]",0.0,5.0,0.0,5.0
Jayden Danns,11,FWD,"[0.25,0.25,0.5 ]",0.0,5.0,0.0,5.0
Joe Gauci,2,GK,"[0.25,0.25,0.5 ]",0.0,5.0,0.0,5.0
IshÃÂÃÂ© Samuels-Smith,7,DEF,"[0.25,0.25,8.5 ]",0.0,5.0,0.0,5.0
Sam Curtis,17,DEF,"[0.25,0.25,0.5 ]",0.0,5.0,0.0,5.0
Dovydas Sasnauskas,17,DEF,"[0.25,0.25,0.5 ]",0.0,5.0,0.0,5.0
Toby Collyer,14,MID,"[0.25,0.25,0.5 ]",0.0,5.0,0.0,5.0
Max Kinsey,3,DEF,"[0.25,0.25,0.5 ]",0.0,5.0,0.0,5.0
Kaden Rodney,8,MID,"[ 0.25, 0.25,35.5 ]",0.0,5.0,0.0,5.0
George Earthy,19,MID,"[0.25,0.25,0.5 ]",0.0,5.0,0.0,5.0
Jimi Tauriainen,7,MID,"[0.25,0.25,0.5 ]",0.0,5.0,0.0,5.0
Habeeb Ogunneye,14,DEF,"[0.25,0.25,0.5 ]",0.0,5.0,0.0,5.0
Axel Piesold,12,MID,"[0.25,0.25,0.5 ]",0.0,5.0,0.0,5.0
Wesley Okoduwa,20,DEF,"[0.25,0.25,0.5 ]",0.0,5.0,0.0,5.0
Leon Chiwome,20,FWD,"[0.25,0.25,0.5 ]",0.0,5.0,0.0,5.0
Benjamin Arthur,4,DEF,"[0.25,0.25,0.5 ]",0.0,5.0,0.0,5.0
Amara Nallo,11,DEF,"[0.25,0.25,0.5 ]",0.0,5.0,0.0,5.0
Dermot Mee,14,GK,"[0.25,0.25,0.5 ]",0.0,5.0,0.0,5.0
Dominic Dos Santos Martins,12,MID,"[0.25,0.25,0.5 ]",0.0,5.0,0.0,5.0
Josh Acheampong,7,DEF,"[0.25,0.25,0.5 ]",0.0,5.0,0.0,5.0
Lewis Warrington,9,MID,"[ 0.25, 0.25,38.5 ]",0.0,5.0,0.0,5.0
Fletcher Holman,20,FWD,"[0.25,0.25,0.5 ]",0.0,5.0,0.0,5.0
Samy Chouchane,5,MID,"[0.25,0.25,0.5 ]",0.0,5.0,0.0,5.0
Roshaun Mathurin,8,MID,"[0.25,0.25,0.5 ]",0.0,5.0,0.0,5.0
Christian Chigozie,12,DEF,"[0.25,0.25,0.5 ]",0.0,5.0,0.0,5.0
Odeluga Offiah,5,DEF,"[ 0.25, 2.25,30.5 ]",0.0,7.0,0.0,7.0
Harry Amass,14,DEF,"[0.25,0.25,0.5 ]",0.0,5.0,0.0,5.0
Teddy Sharman-Lowe,7,GK,"[0.25,0.25,0.5 ]",0.0,5.0,0.0,5.0
Taylan Harris,12,FWD,"[0.25,0.25,0.5 ]",0.0,5.0,0.0,5.0
Tyrique George,7,FWD,"[0.25,0.25,0.5 ]",0.0,5.0,0.0,5.0
Michael Dacosta Gonzalez,3,MID,"[ 0.25, 0.25,20.5 ]",0.0,5.0,0.0,5.0
Ethan Wheatley,14,FWD,"[0.25,0.25,0.5 ]",0.0,5.0,0.0,5.0
Kiano Dyer,7,MID,"[0.25,0.25,0.5 ]",0.0,5.0,0.0,5.0
Owen Hampson,17,MID,"[0.25,0.25,0.5 ]",0.0,5.0,0.0,5.0
Callan McKenna,3,GK,"[0.25,0.25,0.5 ]",0.0,5.0,0.0,5.0
Louis Jackson,14,DEF,"[0.25,0.25,0.5 ]",0.0,5.0,0.0,5.0
Finley Munroe,2,DEF,"[0.25,0.25,0.5 ]",0.0,5.0,0.0,5.0
Temple Ojinnaka,20,MID,"[0.25,0.25,0.5 ]",0.0,5.0,0.0,5.0
Mikey Moore,18,MID,"[0.25,0.25,0.5 ]",0.0,5.0,0.0,5.0
Ted Curd,7,GK,"[0.25,0.25,0.5 ]",0.0,5.0,0.0,5.0
Zak Sturge,7,DEF,"[0.25,0.25,0.5 ]",0.0,5.0,0.0,5.0
Tyrese Hall,18,MID,"[0.25,0.25,0.5 ]",0.0,5.0,0.0,5.0
NoÃÂÃÂ«l Atom,5,DEF,"[0.25,0.25,0.5 ]",0.0,5.0,0.0,5.0
Lander Emery,2,GK,"[0.25,0.25,0.5 ]",0.0,5.0,0.0,5.0
Kadan Young,2,MID,"[ 0.25, 0.25,23.5 ]",0.0,5.0,0.0,5.0
Billy Crellin,9,GK,"[0.25,0.25,0.5 ]",0.0,5.0,0.0,5.0
Yunus Konak,4,MID,"[0.25,0.25,0.5 ]",0.0,5.0,0.0,5.0
