name,ρ_β,ω_α,ω_β,ψ_α,ψ_β
Folarin Balogun,[ 1.25  1.25 74.5 ],0.0,81.0,0.0,81.0
CÃ©dric Alves Soares,[0.25 0.25 0.5 ],0.0,5.0,0.0,5.0
Mohamed Elneny,[ 21.25  22.25 186.5 ],0.0,234.0,3.0,231.0
FÃ¡bio Ferreira Vieira,[0.25 0.25 0.5 ],0.0,5.0,0.0,5.0
Gabriel dos Santos MagalhÃ£es,[0.25 0.25 0.5 ],0.0,5.0,0.0,5.0
Kai Havertz,[85.25 43.25 24.5 ],32.0,125.0,21.0,136.0
Gabriel Fernando de Jesus,[124.25  88.25  73.5 ],73.0,217.0,49.0,241.0
Jorge Luiz Frello Filho,[137.25  44.25  48.5 ],21.0,213.0,11.0,223.0
Jakub Kiwior,[16.25 11.25 30.5 ],2.0,60.0,3.0,59.0
Marcus Oliveira Alencar,[ 0.25  1.25 75.5 ],0.0,81.0,0.0,81.0
Gabriel Martinelli Silva,[45.25 26.25  5.5 ],21.0,60.0,14.0,67.0
Eddie Nketiah,[19.25 38.25 19.5 ],9.0,72.0,6.0,75.0
Martin Ãdegaard,[0.25 0.25 0.5 ],0.0,5.0,0.0,5.0
Thomas Partey,[66.25 29.25 53.5 ],5.0,148.0,4.0,149.0
Nicolas PÃ©pÃ©,[0.25 0.25 0.5 ],0.0,5.0,0.0,5.0
Aaron Ramsdale,[140.25  13.25  70.5 ],0.0,228.0,1.0,227.0
RÃºnar Alex RÃºnarsson,[0.25 0.25 0.5 ],0.0,5.0,0.0,5.0
Bukayo Saka,[141.25  29.25  38.5 ],47.0,166.0,44.0,169.0
William Saliba,[52.25 13.25 87.5 ],4.0,153.0,2.0,155.0
Emile Smith Rowe,[42.25 38.25 95.5 ],12.0,168.0,11.0,169.0
Kieran Tierney,[ 61.25  30.25 100.5 ],3.0,193.0,10.0,186.0
Takehiro Tomiyasu,[31.25 33.25 47.5 ],2.0,114.0,3.0,113.0
Leandro Trossard,[114.25  56.25  20.5 ],38.0,157.0,30.0,165.0
Benjamin White,[58.25 17.25  1.5 ],6.0,75.0,10.0,71.0
Granit Xhaka,[201.25  24.25  80.5 ],17.0,293.0,28.0,282.0
Oleksandr Zinchenko,[ 98.25  32.25 169.5 ],2.0,302.0,11.0,293.0
David Raya Martin,[80.25 14.25 20.5 ],0.0,119.0,0.0,119.0
Declan Rice,[212.25  30.25  45.5 ],17.0,275.0,22.0,270.0
Reiss Nelson,[  9.25  40.25 218.5 ],4.0,268.0,4.0,268.0
JurriÃ«n Timber,[0.25 0.25 0.5 ],0.0,5.0,0.0,5.0
Karl Hein,[  0.25   0.25 103.5 ],0.0,108.0,0.0,108.0
Charles Sagoe,[ 0.25  0.25 27.5 ],0.0,32.0,0.0,32.0
Reuell Walters,[ 0.25  0.25 38.5 ],0.0,43.0,0.0,43.0
Bradley Ibrahim,[ 0.25  0.25 27.5 ],0.0,32.0,0.0,32.0
Myles Lewis-Skelly,[ 0.25  0.25 22.5 ],0.0,27.0,0.0,27.0
Ethan Nwaneri,[ 0.25  2.25 50.5 ],0.0,57.0,0.0,57.0
Mauro Bandeira,[ 0.25  0.25 17.5 ],0.0,22.0,0.0,22.0
James Sweet,[ 0.25  0.25 14.5 ],0.0,19.0,0.0,19.0
Alexandre Moreno Lopera,[25.25 15.25 18.5 ],2.0,61.0,3.0,60.0
Leon Bailey,[42.25 44.25 28.5 ],15.0,104.0,19.0,100.0
Emiliano BuendÃ­a Stati,[0.25 0.25 0.5 ],0.0,5.0,0.0,5.0
Matty Cash,[32.25 23.25 21.5 ],2.0,79.0,4.0,77.0
Calum Chambers,[ 95.25  29.25 181.5 ],6.0,304.0,6.0,304.0
Philippe Coutinho Correia,[17.25 24.25 54.5 ],6.0,94.0,3.0,97.0
Keinan Davis,[  5.25  29.25 156.5 ],1.0,194.0,2.0,193.0
Leander Dendoncker,[101.25  51.25  76.5 ],10.0,223.0,6.0,227.0
Diego Carlos Santos Silva,[20.25 10.25 46.5 ],0.0,81.0,0.0,81.0
Lucas Digne,[161.25  29.25  37.5 ],6.0,226.0,30.0,202.0
Douglas Luiz Soares de Paulo,[150.25  25.25  15.5 ],20.0,175.0,19.0,176.0
Jhon DurÃ¡n,[0.25 0.25 0.5 ],0.0,5.0,0.0,5.0
Kortney Hause,[ 28.25   4.25 196.5 ],3.0,230.0,0.0,233.0
Tim Iroegbunam,[ 2.25 10.25 89.5 ],0.0,106.0,0.0,106.0
Boubacar Kamara,[34.25 10.25 32.5 ],0.0,81.0,2.0,79.0
Ezri Konsa Ngoyo,[143.25  20.25  27.5 ],6.0,189.0,3.0,192.0
Emiliano MartÃ­nez Romero,[0.25 0.25 0.5 ],0.0,5.0,0.0,5.0
John McGinn,[151.25  18.25  21.5 ],16.0,179.0,24.0,171.0
Tyrone Mings,[135.25  22.25 147.5 ],6.0,303.0,11.0,298.0
Robin Olsen,[ 14.25   3.25 111.5 ],0.0,133.0,0.0,133.0
Jaden Philogene-Bidace,[  0.25   3.25 124.5 ],0.0,132.0,0.0,132.0
Jacob Ramsey,[61.25 46.25 44.5 ],13.0,143.0,10.0,146.0
Morgan Sanson,[  6.25  15.25 113.5 ],0.0,139.0,0.0,139.0
Viljami Sinisalo,[ 0.25  0.25 92.5 ],0.0,97.0,0.0,97.0
Youri Tielemans,[142.25  41.25  21.5 ],23.0,186.0,28.0,181.0
Bertrand TraorÃ©,[0.25 0.25 0.5 ],0.0,5.0,0.0,5.0
Ollie Watkins,[130.25  16.25   6.5 ],59.0,98.0,38.0,119.0
Wesley Moraes Ferreira da Silva,[ 0.25  0.25 38.5 ],0.0,43.0,0.0,43.0
Pau Torres,[27.25  2.25  9.5 ],2.0,41.0,0.0,43.0
Moussa Diaby,[25.25 13.25  0.5 ],6.0,37.0,11.0,32.0
Omari Kellyman,[ 0.25  2.25 36.5 ],0.0,43.0,0.0,43.0
Filip Marschall,[ 0.25  0.25 82.5 ],0.0,87.0,0.0,87.0
NicolÃ² Zaniolo,[0.25 0.25 0.5 ],0.0,5.0,0.0,5.0
Oliwier Zych,[ 0.25  0.25 53.5 ],0.0,58.0,0.0,58.0
ClÃ©ment Lenglet,[0.25 0.25 0.5 ],0.0,5.0,0.0,5.0
Sam Proctor,[ 0.25  0.25 22.5 ],0.0,27.0,0.0,27.0
Tommi O'Reilly,[ 0.25  0.25 41.5 ],0.0,46.0,0.0,46.0
James Wright,[ 0.25  0.25 29.5 ],0.0,34.0,0.0,34.0
Kaine Kesler-Hayden,[ 0.25  3.25 14.5 ],0.0,22.0,0.0,22.0
Morgan Rogers,[8.25 3.25 5.5 ],3.0,18.0,1.0,20.0
Joe Gauci,[ 0.25  0.25 14.5 ],0.0,19.0,0.0,19.0
Finley Munroe,[0.25 1.25 4.5 ],0.0,10.0,0.0,10.0
Kadan Young,[ 0.25  0.25 24.5 ],0.0,29.0,0.0,29.0
Lander Emery,[0.25 0.25 1.5 ],0.0,6.0,0.0,6.0
Jaidon Anthony,[12.25 21.25 43.5 ],3.0,78.0,1.0,80.0
Philip Billing,[91.25 51.25 48.5 ],12.0,183.0,6.0,189.0
David Brooks,[39.25 19.25 94.5 ],9.0,148.0,7.0,150.0
Ryan Christie,[48.25 21.25  7.5 ],1.0,80.0,7.0,74.0
Lewis Cook,[88.25 48.25 92.5 ],0.0,233.0,10.0,223.0
Siriki DembÃ©lÃ©,[0.25 0.25 0.5 ],0.0,5.0,0.0,5.0
Ryan Fredericks,[ 43.25  32.25 153.5 ],2.0,231.0,4.0,229.0
James Hill,[ 1.25  4.25 71.5 ],0.0,81.0,0.0,81.0
Lloyd Kelly,[42.25 12.25 60.5 ],0.0,119.0,3.0,116.0
Gavin Kilkenny,[ 0.25  0.25 63.5 ],0.0,68.0,0.0,68.0
Justin Kluivert,[26.25  6.25  6.5 ],7.0,36.0,1.0,42.0
Jamal Lowe,[ 0.25  2.25 74.5 ],0.0,81.0,0.0,81.0
Emiliano Marcondes,[ 0.25  1.25 75.5 ],0.0,81.0,0.0,81.0
Chris Mepham,[35.25 26.25 68.5 ],1.0,133.0,2.0,132.0
Kieffer Moore,[ 5.25 30.25 41.5 ],5.0,76.0,0.0,81.0
Norberto Murara Neto,[51.25  8.25 16.5 ],0.0,80.0,0.0,80.0
Dango Ouattara,[27.25 22.25  8.5 ],2.0,60.0,5.0,57.0
Ben Pearson,[ 0.25  7.25 69.5 ],0.0,81.0,0.0,81.0
Darren Randolph,[ 27.25   0.25 218.5 ],0.0,250.0,0.0,250.0
Joe Rothwell,[15.25 16.25 45.5 ],0.0,81.0,1.0,80.0
Antoine Semenyo,[27.25 17.25 12.5 ],9.0,52.0,4.0,57.0
Marcos Senesi,[45.25 17.25 13.5 ],6.0,74.0,5.0,75.0
Adam Smith,[148.25  29.25  51.5 ],3.0,230.0,14.0,219.0
Dominic Solanke,[82.25 52.25 87.5 ],29.0,197.0,18.0,208.0
Marcus Tavernier,[30.25 23.25 23.5 ],8.0,73.0,8.0,73.0
Hamed TraorÃ¨,[0.25 0.25 0.5 ],0.0,5.0,0.0,5.0
Mark Travers,[12.25  7.25 97.5 ],0.0,121.0,0.0,121.0
Illia Zabarnyi,[40.25  2.25 14.5 ],1.0,60.0,0.0,61.0
Milos Kerkez,[22.25  6.25 10.5 ],0.0,43.0,2.0,41.0
IonuÈ Radu,[0.25 0.25 0.5 ],0.0,5.0,0.0,5.0
Ben Greenwood,[ 0.25  0.25 56.5 ],0.0,61.0,0.0,61.0
Max Aarons,[45.25  9.25 22.5 ],0.0,81.0,3.0,78.0
Alex Scott,[11.25 12.25 15.5 ],1.0,42.0,1.0,42.0
Tyler Adams,[13.25 14.25 47.5 ],0.0,79.0,0.0,79.0
Luis Sinisterra,[ 7.25 13.25 14.5 ],2.0,37.0,2.0,37.0
Romain Faivre,[ 0.25  5.25 13.5 ],0.0,23.0,0.0,23.0
Max Kinsey,[ 0.25  0.25 14.5 ],0.0,19.0,0.0,19.0
Enes Ãnal,[0.25 0.25 0.5 ],0.0,5.0,0.0,5.0
Dominic Sadi,[ 0.25  1.25 35.5 ],0.0,41.0,0.0,41.0
Michael Dacosta Gonzalez,[ 0.25  0.25 27.5 ],0.0,32.0,0.0,32.0
Callan McKenna,[0.25 0.25 6.5 ],0.0,11.0,0.0,11.0
Kristoffer Ajer,[47.25 14.25 53.5 ],3.0,116.0,4.0,115.0
Ellery Balcombe,[  0.25   0.25 114.5 ],0.0,119.0,0.0,119.0
Shandon Baptiste,[11.25 44.25 59.5 ],2.0,117.0,3.0,116.0
Mads Bech SÃ¸rensen,[0.25 0.25 0.5 ],0.0,5.0,0.0,5.0
Mads Bidstrup,[  0.25   4.25 110.5 ],0.0,119.0,0.0,119.0
Sergi CanÃ³s TenÃ©s,[0.25 0.25 0.5 ],0.0,5.0,0.0,5.0
Nathan Collins,[56.25 21.25 37.5 ],3.0,116.0,1.0,118.0
Matthew Cox,[ 0.25  0.25 98.5 ],0.0,103.0,0.0,103.0
Mikkel Damsgaard,[15.25 34.25 26.5 ],0.0,80.0,4.0,76.0
Josh Dasilva,[ 7.25 32.25 37.5 ],4.0,77.0,2.0,79.0
Halil DerviÅoÄlu,[0.25 0.25 0.5 ],0.0,5.0,0.0,5.0
Mark Flekken,[37.25  0.25  1.5 ],0.0,43.0,1.0,42.0
Charlie Goode,[  5.25   1.25 108.5 ],0.0,119.0,0.0,119.0
Rico Henry,[59.25 17.25 38.5 ],3.0,116.0,4.0,115.0
Aaron Hickey,[24.25 11.25 41.5 ],0.0,81.0,3.0,78.0
Vitaly Janelt,[77.25 27.25 10.5 ],8.0,111.0,5.0,114.0
Mathias Jensen,[67.25 33.25 14.5 ],8.0,111.0,12.0,107.0
Keane Lewis-Potter,[15.25 25.25 36.5 ],3.0,78.0,3.0,78.0
Bryan Mbeumo,[77.25 21.25 16.5 ],22.0,97.0,23.0,96.0
Ben Mee,[221.25  16.25  67.5 ],12.0,297.0,9.0,300.0
Christian NÃ¸rgaard,[0.25 0.25 0.5 ],0.0,5.0,0.0,5.0
Frank Onyeka,[28.25 39.25 47.5 ],1.0,118.0,7.0,112.0
Ethan Pinnock,[81.25 10.25 23.5 ],6.0,113.0,1.0,118.0
Mads Roerslev Rasmussen,[42.25 33.25 39.5 ],2.0,117.0,3.0,116.0
Kevin Schade,[10.25 19.25 29.5 ],2.0,61.0,3.0,60.0
Thomas Strakosha,[ 1.25  1.25 74.5 ],0.0,81.0,0.0,81.0
Ivan Toney,[68.25 15.25 31.5 ],36.0,83.0,12.0,107.0
Ryan Trevitt,[ 0.25  0.25 69.5 ],0.0,74.0,0.0,74.0
Yoane Wissa,[51.25 51.25 12.5 ],26.0,93.0,10.0,109.0
Yegor Yarmoliuk,[ 6.25 18.25  3.5 ],0.0,32.0,0.0,32.0
Mathias Jorgensen,[86.25 16.25 82.5 ],5.0,184.0,5.0,184.0
Neal Maupay,[102.25  58.25  30.5 ],33.0,162.0,11.0,184.0
Sergio ReguilÃ³n,[0.25 0.25 0.5 ],0.0,5.0,0.0,5.0
Michael Olakigbe,[ 0.25  7.25 38.5 ],0.0,50.0,0.0,50.0
Ethan Brierley,[ 0.25  0.25 36.5 ],0.0,41.0,0.0,41.0
Saman Ghoddos,[11.25 40.25 60.5 ],2.0,114.0,2.0,114.0
Ji-Soo Kim,[ 0.25  0.25 31.5 ],0.0,36.0,0.0,36.0
Valintino Adedokun,[ 0.25  0.25 28.5 ],0.0,33.0,0.0,33.0
Myles Peart-Harris,[ 0.25  3.25 46.5 ],0.0,54.0,0.0,54.0
Vincent Angelini,[ 0.25  0.25 48.5 ],0.0,53.0,0.0,53.0
HÃ¡kon Valdimarsson,[0.25 0.25 0.5 ],0.0,5.0,0.0,5.0
Benjamin Fredrick,[ 0.25  0.25 18.5 ],0.0,23.0,0.0,23.0
Benjamin Arthur,[ 0.25  0.25 11.5 ],0.0,16.0,0.0,16.0
Yunus Konak,[0.25 0.25 1.5 ],0.0,6.0,0.0,6.0
Simon Adingra,[25.25  6.25  7.5 ],6.0,37.0,1.0,42.0
Steven Alzate,[ 25.25  18.25 143.5 ],1.0,190.0,0.0,191.0
Yasin Ayari,[ 1.25  2.25 54.5 ],0.0,62.0,0.0,62.0
Facundo Buonanotte,[23.25 17.25 20.5 ],4.0,61.0,2.0,63.0
Aaron Connolly,[ 21.25  24.25 104.5 ],5.0,149.0,4.0,150.0
Mahmoud Dahoud,[ 6.25  3.25 29.5 ],0.0,43.0,1.0,42.0
Lewis Dunk,[227.25  14.25  25.5 ],16.0,255.0,7.0,264.0
Julio Enciso,[12.25 20.25 44.5 ],4.0,77.0,5.0,76.0
Pervis EstupiÃ±Ã¡n,[0.25 0.25 0.5 ],0.0,5.0,0.0,5.0
Evan Ferguson,[25.25 22.25 49.5 ],12.0,89.0,3.0,98.0
Billy Gilmour,[ 56.25  23.25 108.5 ],0.0,192.0,5.0,187.0
Pascal GroÃ,[0.25 0.25 0.5 ],0.0,5.0,0.0,5.0
JoÃ£o Pedro Junqueira de Jesus,[0.25 0.25 0.5 ],0.0,5.0,0.0,5.0
MichaÅ Karbownik,[0.25 0.25 0.5 ],0.0,5.0,0.0,5.0
Kacper KozÅowski,[0.25 0.25 0.5 ],0.0,5.0,0.0,5.0
Adam Lallana,[ 85.25  81.25 138.5 ],12.0,297.0,13.0,296.0
Tariq Lamptey,[45.25 44.25 82.5 ],1.0,175.0,9.0,167.0
Solly March,[25.25 15.25 36.5 ],9.0,72.0,11.0,70.0
Tom McGill,[ 0.25  0.25 48.5 ],0.0,53.0,0.0,53.0
James Milner,[111.25 106.25  87.5 ],14.0,295.0,20.0,289.0
Kaoru Mitoma,[37.25 15.25 24.5 ],10.0,71.0,16.0,65.0
Jakub Moder,[33.25 24.25 78.5 ],0.0,140.0,3.0,137.0
Jeremy Sarmiento Morante,[ 1.25  8.25 67.5 ],0.0,81.0,2.0,79.0
Kjell Scherpen,[  0.25   0.25 114.5 ],0.0,119.0,0.0,119.0
Jason Steele,[ 33.25   0.25 157.5 ],0.0,195.0,1.0,194.0
Deniz Undav,[ 6.25 16.25 54.5 ],5.0,76.0,2.0,79.0
Jan Paul van Hecke,[29.25  7.25 40.5 ],0.0,81.0,0.0,81.0
JoÃ«l Veltman,[0.25 0.25 0.5 ],0.0,5.0,0.0,5.0
Bart Verbruggen,[21.25  0.25 17.5 ],0.0,43.0,0.0,43.0
Adam Webster,[95.25 29.25 66.5 ],6.0,189.0,1.0,194.0
Danny Welbeck,[ 90.25  89.25 120.5 ],33.0,271.0,23.0,281.0
Andi Zeqiri,[  0.25   9.25 101.5 ],0.0,115.0,0.0,115.0
Igor Julio dos Santos de Paulo,[17.25  7.25 14.5 ],0.0,43.0,0.0,43.0
Jack Hinshelwood,[ 8.25  5.25 48.5 ],3.0,63.0,0.0,66.0
Carlos Baleba,[15.25 12.25  8.5 ],0.0,40.0,0.0,40.0
Anssumane Fati Vieira,[ 3.25 16.25 16.5 ],2.0,38.0,1.0,39.0
Mark OâMahony,[0.25 0.25 0.5 ],0.0,5.0,0.0,5.0
Benicio Baker-Boaitey,[ 0.25  5.25 22.5 ],0.0,32.0,0.0,32.0
Ben Jackson,[ 0.25  0.25 26.5 ],0.0,31.0,0.0,31.0
Joshua Duffus,[ 0.25  0.25 26.5 ],0.0,31.0,0.0,31.0
Leigh Kavanagh,[ 0.25  0.25 25.5 ],0.0,30.0,0.0,30.0
Luca Barrington,[ 0.25  0.25 24.5 ],0.0,29.0,0.0,29.0
Cameron Peupion,[ 0.25  1.25 25.5 ],0.0,31.0,0.0,31.0
ValentÃ­n Barco,[0.25 0.25 0.5 ],0.0,5.0,0.0,5.0
Samy Chouchane,[ 0.25  0.25 10.5 ],0.0,15.0,0.0,15.0
Odeluga Offiah,[ 1.25  5.25 35.5 ],0.0,46.0,0.0,46.0
NoÃ«l Atom,[0.25 0.25 0.5 ],0.0,5.0,0.0,5.0
Enock Agyei,[ 0.25  0.25 38.5 ],0.0,43.0,0.0,43.0
Ameen Al-Dakhil,[12.25  1.25 25.5 ],1.0,42.0,0.0,43.0
Samuel Bastien,[ 0.25  0.25 38.5 ],0.0,43.0,0.0,43.0
Manuel Benson Hedilazio,[ 1.25  7.25 30.5 ],0.0,43.0,0.0,43.0
Jordan Beyer,[15.25  0.25 23.5 ],0.0,43.0,1.0,42.0
Josh Brownhill,[95.25 16.25 17.5 ],6.0,127.0,6.0,127.0
Darko Churlinov,[ 0.25  0.25 38.5 ],0.0,43.0,0.0,43.0
Jack Cork,[164.25  11.25  91.5 ],4.0,267.0,4.0,267.0
Dara Costelloe,[ 0.25  0.25 46.5 ],0.0,51.0,0.0,51.0
Josh Cullen,[23.25  4.25 65.5 ],2.0,95.0,4.0,93.0
CJ Egan-Riley,[ 0.25  0.25 38.5 ],0.0,43.0,0.0,43.0
Hjalmar Ekdal,[ 5.25  3.25 30.5 ],0.0,43.0,0.0,43.0
Lyle Foster,[22.25  2.25 14.5 ],5.0,38.0,3.0,40.0
Denis Franchi,[ 0.25  0.25 38.5 ],0.0,43.0,0.0,43.0
JÃ³hann Berg Gudmundsson,[0.25 0.25 0.5 ],0.0,5.0,0.0,5.0
Luke McNally,[ 0.25  0.25 38.5 ],0.0,43.0,0.0,43.0
Arijanet Muric,[10.25  0.25 64.5 ],0.0,79.0,0.0,79.0
Dara O'Shea,[55.25  6.25 15.5 ],3.0,78.0,4.0,77.0
Michael Obafemi,[  7.25  27.25 161.5 ],4.0,196.0,3.0,197.0
Bailey Peacock-Farrell,[  4.25   0.25 148.5 ],0.0,157.0,0.0,157.0
Connor Roberts,[29.25 10.25 60.5 ],1.0,103.0,2.0,102.0
Jay Rodriguez,[92.25 86.25 50.5 ],25.0,208.0,12.0,221.0
Charlie Taylor,[148.25  13.25  67.5 ],1.0,232.0,8.0,225.0
Bobby Thomas,[  0.25   0.25 123.5 ],0.0,128.0,0.0,128.0
Scott Twine,[ 0.25  0.25 38.5 ],0.0,43.0,0.0,43.0
Lawrence Vigouroux,[ 0.25  0.25 38.5 ],0.0,43.0,0.0,43.0
Victor da Silva,[26.25  6.25  6.5 ],0.0,43.0,3.0,40.0
Wout Weghorst,[27.25 10.25 43.5 ],2.0,83.0,4.0,81.0
Anass Zaroury,[ 1.25  5.25 32.5 ],0.0,43.0,0.0,43.0
David Datro Fofana,[11.25  7.25 42.5 ],4.0,61.0,1.0,64.0
Sander Berge,[57.25  9.25 24.5 ],3.0,92.0,4.0,91.0
Zeki Amdouni,[27.25  7.25  4.5 ],5.0,38.0,1.0,42.0
James Trafford,[28.25  0.25 43.5 ],0.0,76.0,0.0,76.0
Nathan Redmond,[157.25  50.25  97.5 ],21.0,288.0,22.0,287.0
Luca Koleosho,[13.25  2.25 23.5 ],1.0,42.0,2.0,41.0
Jacob Bruun Larsen,[16.25 16.25  6.5 ],6.0,37.0,0.0,43.0
Owen Dodgson,[ 0.25  0.25 75.5 ],0.0,80.0,0.0,80.0
Wilson Odobert,[25.25  4.25  8.5 ],3.0,39.0,4.0,38.0
Hannes Delcroix,[ 5.25  7.25 25.5 ],0.0,42.0,0.0,42.0
Aaron Ramsey,[ 50.25  39.25 100.5 ],12.0,182.0,20.0,174.0
Han-Noah Massengo,[ 0.25  3.25 33.5 ],0.0,41.0,0.0,41.0
Mike TrÃ©sor,[0.25 0.25 0.5 ],0.0,5.0,0.0,5.0
Lorenz Assignon,[15.25  0.25  1.5 ],1.0,20.0,2.0,19.0
Maxime Esteve,[15.25  1.25  0.5 ],0.0,21.0,0.0,21.0
MoisÃ©s Caicedo Corozo,[0.25 0.25 0.5 ],0.0,5.0,0.0,5.0
Robert SÃ¡nchez,[0.25 0.25 0.5 ],0.0,5.0,0.0,5.0
Ethan Ampadu,[ 24.25   2.25 232.5 ],0.0,263.0,0.0,263.0
Andrey Nascimento dos Santos,[ 0.25  1.25 56.5 ],0.0,62.0,0.0,62.0
Kepa Arrizabalaga,[102.25   7.25 119.5 ],0.0,233.0,0.0,233.0
Pierre-Emerick Aubameyang,[116.25  27.25  94.5 ],69.0,173.0,20.0,222.0
CÃ©sar Azpilicueta,[0.25 0.25 0.5 ],0.0,5.0,0.0,5.0
Abdul Rahman Baba,[ 0.25  0.25 76.5 ],0.0,81.0,0.0,81.0
BenoÃ®t Badiashile,[0.25 0.25 0.5 ],0.0,5.0,0.0,5.0
Marcus Bettinelli,[  7.25   0.25 173.5 ],0.0,185.0,0.0,185.0
Trevoh Chalobah,[36.25 22.25 66.5 ],4.0,125.0,1.0,128.0
Ben Chilwell,[20.25 16.25 40.5 ],2.0,79.0,5.0,76.0
Carney Chukwuemeka,[ 6.25 31.25 93.5 ],1.0,134.0,2.0,133.0
Levi Colwill,[33.25  7.25 36.5 ],1.0,80.0,3.0,78.0
Marc Cucurella Saseta,[30.25 15.25 31.5 ],0.0,81.0,5.0,76.0
Enzo FernÃ¡ndez,[0.25 0.25 0.5 ],0.0,5.0,0.0,5.0
Wesley Fofana,[42.25 10.25 97.5 ],1.0,153.0,1.0,153.0
Conor Gallagher,[110.25  26.25  14.5 ],18.0,137.0,17.0,138.0
Malo Gusto,[19.25  8.25 11.5 ],0.0,43.0,6.0,37.0
Reece James,[73.25 35.25 82.5 ],7.0,188.0,18.0,177.0
Romelu Lukaku Bolingoli,[ 0.25  0.25 38.5 ],0.0,43.0,0.0,43.0
Noni Madueke,[20.25 15.25 21.5 ],6.0,55.0,3.0,58.0
Mykhailo Mudryk,[25.25 21.25 11.5 ],5.0,57.0,7.0,55.0
Nicolas Jackson,[31.25  4.25  3.5 ],14.0,29.0,6.0,37.0
Christopher Nkunku,[ 2.25  9.25 27.5 ],3.0,40.0,0.0,43.0
Christian Pulisic,[55.25 43.25 92.5 ],20.0,175.0,14.0,181.0
Malang Sarr,[  6.25   2.25 106.5 ],0.0,119.0,0.0,119.0
Gabriel SÅonina,[0.25 0.25 0.5 ],0.0,5.0,0.0,5.0
Raheem Sterling,[203.25  50.25  52.5 ],99.0,211.0,80.0,230.0
Thiago Emiliano da Silva,[72.25 18.25 24.5 ],6.0,113.0,4.0,115.0
Hakim Ziyech,[32.25 32.25 88.5 ],6.0,151.0,9.0,148.0
Cole Palmer,[ 32.25  20.25 107.5 ],22.0,142.0,15.0,149.0
Ãngelo Gabriel Borges Damaceno,[0.25 0.25 0.5 ],0.0,5.0,0.0,5.0
Ian Maatsen,[ 1.25 11.25 26.5 ],0.0,43.0,0.0,43.0
Axel Disasi,[29.25  2.25  7.5 ],2.0,41.0,0.0,43.0
Lesley Ugochukwu,[ 3.25  9.25 26.5 ],0.0,43.0,0.0,43.0
Mason Burstow,[ 0.25  2.25 36.5 ],0.0,43.0,0.0,43.0
Lucas BergstrÃ¶m,[0.25 0.25 0.5 ],0.0,5.0,0.0,5.0
RomÃ©o Lavia,[0.25 0.25 0.5 ],0.0,5.0,0.0,5.0
Bashir Humphreys,[ 0.25  0.25 61.5 ],0.0,66.0,0.0,66.0
Deivid Washington de Souza EugÃªnio,[0.25 0.25 0.5 ],0.0,5.0,0.0,5.0
Eddie Beach,[ 0.25  0.25 36.5 ],0.0,41.0,0.0,41.0
Diego Manuel Jadon da Silva Moreira,[ 0.25  0.25 36.5 ],0.0,41.0,0.0,41.0
ÄorÄe PetroviÄ,[0.25 0.25 0.5 ],0.0,5.0,0.0,5.0
Alfie Gilchrist,[ 2.25  9.25 26.5 ],1.0,41.0,0.0,42.0
Ronnie Stutter,[ 0.25  0.25 34.5 ],0.0,39.0,0.0,39.0
Alex Matos,[ 0.25  1.25 33.5 ],0.0,39.0,0.0,39.0
Josh Brooking,[ 0.25  0.25 32.5 ],0.0,37.0,0.0,37.0
Leo Castledine,[ 0.25  0.25 24.5 ],0.0,29.0,0.0,29.0
Cesare Casadei,[ 0.25 11.25  6.5 ],0.0,22.0,0.0,22.0
IshÃ© Samuels-Smith,[0.25 0.25 0.5 ],0.0,5.0,0.0,5.0
Ollie Harrison,[ 0.25  0.25 14.5 ],0.0,19.0,0.0,19.0
Jimi Tauriainen,[ 0.25  1.25 12.5 ],0.0,18.0,0.0,18.0
Josh Acheampong,[ 0.25  1.25 11.5 ],0.0,17.0,0.0,17.0
Teddy Sharman-Lowe,[0.25 0.25 9.5 ],0.0,14.0,0.0,14.0
Tyrique George,[0.25 0.25 8.5 ],0.0,13.0,0.0,13.0
Kiano Dyer,[0.25 0.25 8.5 ],0.0,13.0,0.0,13.0
Ted Curd,[0.25 0.25 6.5 ],0.0,11.0,0.0,11.0
Zak Sturge,[0.25 0.25 6.5 ],0.0,11.0,0.0,11.0
Rob Holding,[ 75.25  23.25 207.5 ],2.0,308.0,2.0,308.0
Naouirou Ahamada,[ 0.25 28.25 28.5 ],0.0,61.0,0.0,61.0
Joachim Andersen,[121.25  14.25  13.5 ],4.0,149.0,8.0,145.0
Jordan Ayew,[189.25  55.25  37.5 ],30.0,256.0,30.0,256.0
Nathaniel Clyne,[107.25  21.25 134.5 ],0.0,267.0,6.0,261.0
Cheick DoucourÃ©,[0.25 0.25 0.5 ],0.0,5.0,0.0,5.0
Malcolm Ebiowei,[ 0.25  3.25 73.5 ],0.0,81.0,0.0,81.0
Odsonne Edouard,[46.25 47.25 18.5 ],18.0,98.0,6.0,110.0
Eberechi Eze,[76.25 36.25 40.5 ],26.0,131.0,19.0,138.0
Vicente Guaita,[134.25  15.25  79.5 ],0.0,233.0,0.0,233.0
Marc GuÃ©hi,[0.25 0.25 0.5 ],0.0,5.0,0.0,5.0
Will Hughes,[110.25  40.25  78.5 ],6.0,227.0,13.0,220.0
Sam Johnstone,[66.25  0.25 48.5 ],0.0,119.0,1.0,118.0
Jefferson Lerma SolÃ­s,[0.25 0.25 0.5 ],0.0,5.0,0.0,5.0
Jean-Philippe Mateta,[44.25 49.25 40.5 ],24.0,114.0,8.0,130.0
Remi Matthews,[  0.25   1.25 112.5 ],0.0,118.0,0.0,118.0
Tyrick Mitchell,[115.25  17.25  42.5 ],3.0,176.0,9.0,170.0
Jake O'Brien,[ 0.25  0.25 38.5 ],0.0,43.0,0.0,43.0
Michael Olise,[49.25 33.25 32.5 ],14.0,105.0,23.0,96.0
Luke Plange,[ 0.25  0.25 76.5 ],0.0,81.0,0.0,81.0
Chris Richards,[27.25  8.25 41.5 ],1.0,80.0,1.0,80.0
Jairo Riedewald,[ 32.25  48.25 182.5 ],2.0,265.0,0.0,267.0
Jeffrey Schlupp,[130.25  82.25  92.5 ],18.0,291.0,17.0,292.0
James Tomkins,[109.25  16.25 179.5 ],10.0,299.0,2.0,307.0
Joel Ward,[177.25  24.25 103.5 ],2.0,307.0,5.0,304.0
Joe Whitworth,[ 0.25  0.25 38.5 ],0.0,43.0,0.0,43.0
Dean Henderson,[ 70.25  15.25 105.5 ],0.0,195.0,1.0,194.0
Matheus FranÃ§a de Oliveira,[0.25 0.25 0.5 ],0.0,5.0,0.0,5.0
Jesurun Rak-Sakyi,[  1.25   7.25 114.5 ],0.0,127.0,0.0,127.0
John-Kymani Gordon,[ 0.25  0.25 72.5 ],0.0,77.0,0.0,77.0
Ademola Ola-Adebomi,[ 0.25  0.25 32.5 ],0.0,37.0,0.0,37.0
David Ozoh,[ 0.25 10.25 45.5 ],0.0,60.0,0.0,60.0
Jadan Raymond,[ 0.25  0.25 31.5 ],0.0,36.0,0.0,36.0
Tayo Adaramola,[ 0.25  0.25 38.5 ],0.0,43.0,0.0,43.0
Daniel MuÃ±oz,[0.25 0.25 0.5 ],0.0,5.0,0.0,5.0
Adam Wharton,[15.25  1.25  0.5 ],0.0,21.0,3.0,18.0
Franco Umeh-Chibueze,[ 0.25  0.25 14.5 ],0.0,19.0,0.0,19.0
Kaden Rodney,[ 0.25  0.25 48.5 ],0.0,53.0,0.0,53.0
Roshaun Mathurin,[ 0.25  0.25 10.5 ],0.0,15.0,0.0,15.0
AndrÃ© Tavares Gomes,[0.25 0.25 0.5 ],0.0,5.0,0.0,5.0
Jarrad Branthwaite,[ 42.25   3.25 116.5 ],4.0,162.0,1.0,165.0
Dominic Calvert-Lewin,[154.25  59.25  82.5 ],54.0,246.0,26.0,274.0
Seamus Coleman,[155.25  29.25 120.5 ],8.0,301.0,12.0,297.0
Dele Alli,[ 0.25  2.25 74.5 ],0.0,81.0,0.0,81.0
Abdoulaye DoucourÃ©,[0.25 0.25 0.5 ],0.0,5.0,0.0,5.0
James Garner,[ 41.25  14.25 108.5 ],1.0,167.0,3.0,165.0
Jean-Philippe Gbamin,[  1.25   5.25 184.5 ],0.0,195.0,0.0,195.0
Ben Godfrey,[104.25   8.25  74.5 ],0.0,191.0,3.0,188.0
Demarai Gray,[ 91.25  97.25 116.5 ],19.0,290.0,18.0,291.0
Idrissa Gueye,[141.25  16.25  66.5 ],7.0,221.0,7.0,221.0
Michael Keane,[202.25  15.25  87.5 ],13.0,296.0,9.0,300.0
Dwight McNeil,[178.25  27.25  21.5 ],17.0,214.0,30.0,201.0
Vitalii Mykolenko,[56.25 19.25 22.5 ],3.0,99.0,3.0,99.0
Amadou Onana,[41.25 22.25 12.5 ],3.0,77.0,3.0,77.0
Nathan Patterson,[16.25 23.25 58.5 ],0.0,102.0,2.0,100.0
Jordan Pickford,[270.25  14.25  20.5 ],0.0,309.0,1.0,308.0
Ellis Simms,[  3.25   9.25 115.5 ],1.0,131.0,0.0,132.0
James Tarkowski,[239.25  31.25  34.5 ],9.0,300.0,10.0,299.0
JoÃ£o Neves VirgÃ­nia,[0.25 0.25 0.5 ],0.0,5.0,0.0,5.0
Andy Lonergan,[  0.25   0.25 139.5 ],0.0,144.0,0.0,144.0
Ashley Young,[133.25  35.25  98.5 ],5.0,266.0,13.0,258.0
Arnaut Danjuma Groeneveld,[10.25 18.25 48.5 ],1.0,80.0,1.0,80.0
Lewis Dobbin,[ 1.25 14.25 56.5 ],1.0,75.0,0.0,76.0
Youssef Ramalho Chermiti,[ 1.25 17.25 20.5 ],0.0,43.0,0.0,43.0
Thomas Cannon,[ 0.25  3.25 59.5 ],0.0,67.0,0.0,67.0
Tyler Onyango,[ 0.25  4.25 82.5 ],0.0,91.0,0.0,91.0
Jack Harrison,[106.25  30.25  15.5 ],24.0,132.0,22.0,134.0
Norberto Bercique Gomes Betuncal,[ 9.25 21.25  5.5 ],3.0,37.0,0.0,40.0
Mackenzie Hunt,[ 0.25  0.25 33.5 ],0.0,38.0,0.0,38.0
Jenson Metcalfe,[ 0.25  0.25 22.5 ],0.0,27.0,0.0,27.0
Elijah Campbell,[ 0.25  0.25 22.5 ],0.0,27.0,0.0,27.0
Lewis Warrington,[ 0.25  1.25 47.5 ],0.0,53.0,0.0,53.0
Billy Crellin,[0.25 0.25 1.5 ],0.0,6.0,0.0,6.0
Armando Broja,[28.25 38.25 58.5 ],8.0,121.0,5.0,124.0
Alex Iwobi,[167.25  73.25  64.5 ],20.0,289.0,33.0,276.0
Andreas Hoelgebaum Pereira,[53.25 17.25  6.5 ],7.0,74.0,19.0,62.0
Tom Cairney,[53.25 55.25 44.5 ],5.0,152.0,9.0,148.0
Ivan Neves Abreu Cavaleiro,[ 0.25  0.25 76.5 ],0.0,81.0,0.0,81.0
Bobby De Cordova-Reid,[33.25 36.25  7.5 ],10.0,71.0,4.0,77.0
Issa Diop,[122.25  17.25  89.5 ],7.0,226.0,2.0,231.0
Tyrese Francois,[ 0.25  2.25 75.5 ],0.0,82.0,0.0,82.0
Anthony Knockaert,[ 46.25  17.25 165.5 ],5.0,228.0,7.0,226.0
Terence Kongolo,[ 43.25   3.25 117.5 ],1.0,167.0,1.0,167.0
Bernd Leno,[161.25  14.25  54.5 ],0.0,234.0,0.0,234.0
SaÅ¡a LukiÄ,[0.25 0.25 0.5 ],0.0,5.0,0.0,5.0
Kevin Mbabu,[ 0.25  6.25 70.5 ],0.0,81.0,1.0,80.0
Aleksandar MitroviÄ,[0.25 0.25 0.5 ],0.0,5.0,0.0,5.0
Rodrigo Muniz Carvalho,[18.25  8.25 50.5 ],9.0,72.0,2.0,79.0
JoÃ£o Palhinha GonÃ§alves,[0.25 0.25 0.5 ],0.0,5.0,0.0,5.0
Tim Ream,[65.25 19.25 68.5 ],2.0,155.0,0.0,157.0
Harrison Reed,[61.25 37.25 54.5 ],3.0,154.0,9.0,148.0
Antonee Robinson,[83.25 17.25 14.5 ],0.0,119.0,8.0,111.0
Marek RodÃ¡k,[0.25 0.25 0.5 ],0.0,5.0,0.0,5.0
Kenny Tete,[47.25 20.25 47.5 ],2.0,117.0,6.0,113.0
Tosin Adarabioyo,[64.25 14.25 32.5 ],3.0,112.0,1.0,114.0
Carlos VinÃ­cius Alves Morais,[0.25 0.25 0.5 ],0.0,5.0,0.0,5.0
Harry Wilson,[44.25 51.25 68.5 ],13.0,155.0,13.0,155.0
RaÃºl JimÃ©nez,[0.25 0.25 0.5 ],0.0,5.0,0.0,5.0
Willian Borges da Silva,[44.25 14.25 13.5 ],9.0,67.0,10.0,66.0
Calvin Bassey,[25.25  4.25  9.5 ],1.0,42.0,0.0,43.0
Luc De Fougerolles,[ 0.25  0.25 38.5 ],0.0,43.0,0.0,43.0
Jay Stansfield,[ 0.25  3.25 73.5 ],0.0,81.0,1.0,80.0
Matthew Dibley-Dias,[ 0.25  0.25 42.5 ],0.0,47.0,0.0,47.0
Adama TraorÃ©,[0.25 0.25 0.5 ],0.0,5.0,0.0,5.0
Luke Harris,[ 0.25  4.25 70.5 ],0.0,79.0,0.0,79.0
Timothy Castagne,[102.25  23.25  24.5 ],6.0,148.0,11.0,143.0
Steven Benda,[ 0.25  0.25 35.5 ],0.0,40.0,0.0,40.0
FodÃ© Ballo-TourÃ©,[0.25 0.25 0.5 ],0.0,5.0,0.0,5.0
Devan Tanton,[ 0.25  0.25 29.5 ],0.0,34.0,0.0,34.0
Kristian Sekularac,[ 0.25  0.25 41.5 ],0.0,46.0,0.0,46.0
Joshua King,[138.25  35.25  52.5 ],47.0,183.0,19.0,211.0
AdriÃ¡n San Miguel del Castillo,[0.25 0.25 0.5 ],0.0,5.0,0.0,5.0
Trent Alexander-Arnold,[197.25  29.25  78.5 ],15.0,294.0,66.0,243.0
Alisson Ramses Becker,[187.25  14.25  27.5 ],1.0,232.0,3.0,230.0
Stefan Bajcetic,[ 6.25  6.25 64.5 ],1.0,80.0,0.0,81.0
Darwin NÃºÃ±ez Ribeiro,[0.25 0.25 0.5 ],0.0,5.0,0.0,5.0
Diogo Teixeira da Silva,[24.25 19.25 33.5 ],17.0,64.0,11.0,70.0
Harvey Elliott,[ 24.25  52.25 112.5 ],4.0,189.0,11.0,182.0
Fabio Henrique Tavares,[117.25  34.25  77.5 ],8.0,225.0,10.0,223.0
Cody Gakpo,[34.25 22.25  4.5 ],15.0,50.0,8.0,57.0
Joe Gomez,[17.25 15.25  6.5 ],0.0,43.0,2.0,41.0
Jordan Henderson,[158.25  46.25 100.5 ],10.0,299.0,23.0,286.0
Curtis Jones,[ 50.25  36.25 109.5 ],7.0,193.0,5.0,195.0
Caoimhin Kelleher,[ 15.25   0.25 171.5 ],0.0,191.0,0.0,191.0
Ibrahima KonatÃ©,[0.25 0.25 0.5 ],0.0,5.0,0.0,5.0
Luis DÃ­az,[0.25 0.25 0.5 ],0.0,5.0,0.0,5.0
Alexis Mac Allister,[86.25 45.25 33.5 ],21.0,148.0,10.0,159.0
Joel Matip,[130.25  20.25 154.5 ],9.0,300.0,5.0,304.0
Nathaniel Phillips,[ 16.25   3.25 147.5 ],1.0,170.0,1.0,170.0
Andrew Robertson,[227.25  24.25  53.5 ],11.0,298.0,60.0,249.0
Mohamed Salah,[219.25  31.25  16.5 ],155.0,116.0,79.0,192.0
Dominik Szoboszlai,[25.25  8.25  5.5 ],3.0,40.0,4.0,39.0
Thiago AlcÃ¡ntara do Nascimento,[0.25 0.25 0.5 ],0.0,5.0,0.0,5.0
Konstantinos Tsimikas,[ 22.25  26.25 104.5 ],0.0,157.0,9.0,148.0
Sepp van den Berg,[ 0.25  0.25 76.5 ],0.0,81.0,0.0,81.0
Virgil van Dijk,[215.25  15.25  74.5 ],19.0,290.0,12.0,297.0
Jarell Quansah,[13.25  4.25 42.5 ],2.0,62.0,0.0,64.0
Bobby Clark,[ 1.25  5.25 69.5 ],0.0,80.0,0.0,80.0
Ben Doak,[ 0.25  3.25 60.5 ],0.0,68.0,0.0,68.0
James McConnell,[ 0.25  3.25 35.5 ],0.0,43.0,0.0,43.0
Wataru Endo,[20.25  9.25  8.5 ],1.0,41.0,0.0,42.0
Ryan Gravenberch,[12.25 14.25  8.5 ],1.0,38.0,0.0,39.0
Luke Chambers,[ 0.25  0.25 69.5 ],0.0,74.0,0.0,74.0
Callum Scanlon,[ 0.25  0.25 30.5 ],0.0,35.0,0.0,35.0
Treymaurice Nyoni,[ 0.25  0.25 27.5 ],0.0,32.0,0.0,32.0
Marcelo de AraÃºjo Pitaluga Filho,[0.25 0.25 0.5 ],0.0,5.0,0.0,5.0
Conor Bradley,[10.25  1.25 40.5 ],1.0,55.0,3.0,53.0
Owen Beck,[ 0.25  1.25 44.5 ],0.0,50.0,0.0,50.0
Kaide Gordon,[ 0.25  2.25 43.5 ],0.0,50.0,0.0,50.0
Lewis Koumas,[ 0.25  0.25 15.5 ],0.0,20.0,0.0,20.0
Fabian Mrozek,[ 0.25  0.25 15.5 ],0.0,20.0,0.0,20.0
Jayden Danns,[ 0.25  2.25 12.5 ],0.0,19.0,0.0,19.0
Amara Nallo,[ 0.25  0.25 11.5 ],0.0,16.0,0.0,16.0
Albert Sambi Lokonga,[34.25 17.25 63.5 ],1.0,118.0,3.0,116.0
Marvelous Nakamba,[ 53.25  18.25 119.5 ],0.0,195.0,1.0,194.0
Elijah Adebayo,[16.25 11.25 11.5 ],10.0,33.0,1.0,42.0
Mads Juel Andersen,[ 4.25  4.25 30.5 ],1.0,42.0,0.0,43.0
Amari'i Bell,[21.25  0.25 17.5 ],0.0,43.0,0.0,43.0
Luke Berry,[ 2.25 15.25 21.5 ],2.0,41.0,1.0,42.0
Reece Burke,[20.25  2.25 69.5 ],0.0,96.0,4.0,92.0
Allan Campbell,[ 0.25  0.25 38.5 ],0.0,43.0,0.0,43.0
Jordan Clark,[14.25  9.25 15.5 ],1.0,42.0,1.0,42.0
Alfie Doughty,[34.25  3.25  1.5 ],2.0,41.0,10.0,33.0
Luke Freeman,[  4.25   7.25 103.5 ],0.0,119.0,0.0,119.0
Matt Macey,[  0.25   0.25 124.5 ],0.0,129.0,0.0,129.0
John McAtee,[ 0.25  0.25 38.5 ],0.0,43.0,0.0,43.0
Carlos Mendes Gomes,[ 0.25  0.25 38.5 ],0.0,43.0,0.0,43.0
Carlton Morris,[32.25  6.25  0.5 ],11.0,32.0,6.0,37.0
Admiral Muskwe,[ 0.25  0.25 38.5 ],0.0,43.0,0.0,43.0
Chiedozie Ogbene,[20.25 10.25  8.5 ],4.0,39.0,4.0,39.0
Fred Onyedinma,[ 4.25  4.25 30.5 ],0.0,43.0,0.0,43.0
Gabriel Osho,[21.25  0.25 17.5 ],2.0,41.0,0.0,43.0
Aribim Pepple,[ 0.25  0.25 38.5 ],0.0,43.0,0.0,43.0
Dion Pereira,[ 0.25  2.25 45.5 ],0.0,52.0,0.0,52.0
Dan Potts,[ 0.25  0.25 38.5 ],0.0,43.0,0.0,43.0
Glen Rea,[ 0.25  0.25 38.5 ],0.0,43.0,0.0,43.0
James Shea,[ 0.25  1.25 37.5 ],0.0,43.0,0.0,43.0
Joe Taylor,[ 0.25  0.25 38.5 ],0.0,43.0,0.0,43.0
Elliot Thorpe,[ 0.25  0.25 38.5 ],0.0,43.0,0.0,43.0
Jack Walton,[ 0.25  0.25 38.5 ],0.0,43.0,0.0,43.0
Louie Watson,[ 0.25  0.25 38.5 ],0.0,43.0,0.0,43.0
Cauley Woodrow,[ 2.25 22.25 14.5 ],1.0,42.0,1.0,42.0
Teden Mengi,[28.25  2.25 47.5 ],1.0,81.0,0.0,82.0
Ryan Giles,[ 5.25  6.25 62.5 ],0.0,78.0,0.0,78.0
Tom Lockyer,[14.25  0.25 24.5 ],1.0,42.0,1.0,42.0
Pelly Ruddock Mpanzu,[11.25 16.25 11.5 ],0.0,43.0,0.0,43.0
Tahith Chong,[20.25 18.25 87.5 ],4.0,126.0,2.0,128.0
Issa KaborÃ©,[0.25 0.25 0.5 ],0.0,5.0,0.0,5.0
Thomas Kaminski,[38.25  0.25  0.5 ],0.0,43.0,0.0,43.0
Ross Barkley,[107.25  43.25 155.5 ],18.0,292.0,28.0,282.0
Jacob Brown,[12.25  7.25 19.5 ],2.0,41.0,1.0,42.0
Aidan Francis-Clarke,[ 0.25  0.25 38.5 ],0.0,43.0,0.0,43.0
Tim Krul,[65.25  0.25 83.5 ],0.0,153.0,0.0,153.0
Joseph Johnson,[ 0.25  2.25 35.5 ],0.0,42.0,0.0,42.0
Andros Townsend,[166.25  50.25  80.5 ],17.0,284.0,33.0,268.0
Jayden Luker,[ 0.25  0.25 30.5 ],0.0,35.0,0.0,35.0
Zack Nelson,[ 0.25  2.25 26.5 ],0.0,33.0,0.0,33.0
Daiki Hashioka,[6.25 4.25 7.5 ],0.0,22.0,0.0,22.0
Axel Piesold,[ 0.25  0.25 13.5 ],0.0,18.0,0.0,18.0
Dominic Dos Santos Martins,[ 0.25  0.25 12.5 ],0.0,17.0,0.0,17.0
Christian Chigozie,[0.25 0.25 8.5 ],0.0,13.0,0.0,13.0
Taylan Harris,[0.25 0.25 6.5 ],0.0,11.0,0.0,11.0
Manuel Akanji,[45.25 14.25 12.5 ],2.0,74.0,1.0,75.0
Nathan AkÃ©,[0.25 0.25 0.5 ],0.0,5.0,0.0,5.0
JuliÃ¡n Ãlvarez,[0.25 0.25 0.5 ],0.0,5.0,0.0,5.0
Bernardo Veiga de Carvalho e Silva,[42.25 25.25  9.5 ],10.0,71.0,15.0,66.0
Oscar Bobb,[ 2.25 12.25 24.5 ],1.0,42.0,2.0,41.0
JoÃ£o Cancelo,[0.25 0.25 0.5 ],0.0,5.0,0.0,5.0
Scott Carson,[  1.25   0.25 164.5 ],0.0,170.0,0.0,170.0
Shea Charles,[ 0.25  1.25 40.5 ],0.0,46.0,0.0,46.0
Kevin De Bruyne,[188.25  44.25  73.5 ],61.0,249.0,113.0,197.0
RÃºben Gato Alves Dias,[0.25 0.25 0.5 ],0.0,5.0,0.0,5.0
Ederson Santana de Moraes,[235.25  15.25  17.5 ],0.0,272.0,3.0,269.0
Phil Foden,[ 97.25  67.25 103.5 ],54.0,218.0,32.0,240.0
Jack Grealish,[109.25  27.25  54.5 ],25.0,170.0,33.0,162.0
Erling Haaland,[51.25 15.25 10.5 ],63.0,18.0,17.0,64.0
Mateo KovaÄiÄ,[0.25 0.25 0.5 ],0.0,5.0,0.0,5.0
Aymeric Laporte,[111.25  10.25 122.5 ],8.0,240.0,5.0,243.0
Rico Lewis,[18.25 12.25 46.5 ],2.0,79.0,0.0,81.0
Riyad Mahrez,[156.25  61.25  88.5 ],61.0,249.0,62.0,248.0
Stefan Ortega Moreno,[ 8.25  4.25 64.5 ],0.0,81.0,0.0,81.0
MÃ¡ximo Perrone,[0.25 0.25 0.5 ],0.0,5.0,0.0,5.0
Rodrigo Hernandez,[146.25  26.25  19.5 ],22.0,174.0,22.0,174.0
Sergio GÃ³mez,[0.25 0.25 0.5 ],0.0,5.0,0.0,5.0
Zack Steffen,[  2.25   0.25 150.5 ],0.0,157.0,0.0,157.0
John Stones,[127.25  33.25 145.5 ],8.0,302.0,2.0,308.0
Kyle Walker,[203.25  27.25  75.5 ],3.0,307.0,25.0,285.0
Matheus Luiz Nunes,[28.25 25.25 21.5 ],1.0,78.0,3.0,76.0
JoÅ¡ko Gvardiol,[0.25 0.25 0.5 ],0.0,5.0,0.0,5.0
JÃ©rÃ©my Doku,[0.25 0.25 0.5 ],0.0,5.0,0.0,5.0
Mahamadou Susoho,[ 0.25  0.25 22.5 ],0.0,27.0,0.0,27.0
Micah Hamilton,[ 0.25  0.25 21.5 ],0.0,26.0,0.0,26.0
Jacob Wright,[ 0.25  0.25 16.5 ],0.0,21.0,0.0,21.0
Mason Mount,[103.25  40.25  47.5 ],28.0,167.0,28.0,167.0
Alex Telles,[ 0.25  0.25 76.5 ],0.0,81.0,0.0,81.0
Amad Diallo,[  5.25   7.25 108.5 ],1.0,124.0,2.0,123.0
Antony Matheus dos Santos,[32.25 22.25 17.5 ],5.0,71.0,3.0,73.0
Bruno Borges Fernandes,[60.25 12.25  4.5 ],18.0,63.0,18.0,63.0
Brandon Williams,[ 36.25  11.25 137.5 ],1.0,188.0,2.0,187.0
Eric Bailly,[ 55.25  15.25 234.5 ],1.0,308.0,0.0,309.0
Carlos Henrique Casimiro,[42.25 11.25 20.5 ],5.0,73.0,6.0,72.0
Diogo Dalot Teixeira,[46.25 16.25 14.5 ],3.0,78.0,5.0,76.0
Christian Eriksen,[149.25  40.25  54.5 ],32.0,216.0,59.0,189.0
Ãlvaro FernÃ¡ndez Carreras,[0.25 0.25 0.5 ],0.0,5.0,0.0,5.0
Frederico Rodrigues de Paula Santos,[92.25 47.25 89.5 ],8.0,225.0,10.0,223.0
Alejandro Garnacho,[34.25 21.25 21.5 ],10.0,71.0,9.0,72.0
Hannibal Mejbri,[ 2.25  6.25 46.5 ],1.0,58.0,0.0,59.0
Tom Heaton,[ 77.25   1.25 226.5 ],0.0,309.0,0.0,309.0
Victor LindelÃ¶f,[0.25 0.25 0.5 ],0.0,5.0,0.0,5.0
Harry Maguire,[213.25  25.25  66.5 ],13.0,296.0,14.0,295.0
Kobbie Mainoo,[24.25  1.25 43.5 ],3.0,70.0,1.0,72.0
Tyrell Malacia,[ 9.25 13.25 54.5 ],0.0,81.0,0.0,81.0
Anthony Martial,[117.25  61.25 126.5 ],52.0,257.0,36.0,273.0
Lisandro MartÃ­nez,[0.25 0.25 0.5 ],0.0,5.0,0.0,5.0
Scott McTominay,[106.25  70.25  95.5 ],18.0,258.0,7.0,269.0
Facundo Pellistri Rebollo,[ 1.25 12.25 63.5 ],0.0,81.0,1.0,80.0
RaphaÃ«l Varane,[0.25 0.25 0.5 ],0.0,5.0,0.0,5.0
Marcus Rashford,[182.25  79.25  43.5 ],78.0,231.0,46.0,263.0
Jadon Sancho,[31.25 27.25 56.5 ],9.0,110.0,7.0,112.0
Luke Shaw,[144.25  26.25 134.5 ],3.0,306.0,21.0,288.0
Shola Shoretire,[ 0.25  3.25 80.5 ],0.0,88.0,0.0,88.0
Donny van de Beek,[ 10.25  32.25 112.5 ],3.0,156.0,2.0,157.0
Aaron Wan-Bissaka,[166.25   6.25 100.5 ],2.0,275.0,14.0,263.0
AndrÃ© Onana,[0.25 0.25 0.5 ],0.0,5.0,0.0,5.0
Rasmus HÃ¸jlund,[0.25 0.25 0.5 ],0.0,5.0,0.0,5.0
Omari Forson,[ 1.25  3.25 34.5 ],0.0,43.0,1.0,42.0
Radek VÃ­tek,[0.25 0.25 0.5 ],0.0,5.0,0.0,5.0
Daniel Gore,[ 0.25  1.25 35.5 ],0.0,41.0,0.0,41.0
Altay Bayindir,[ 0.25  0.25 35.5 ],0.0,40.0,0.0,40.0
Jonny Evans,[175.25  28.25  98.5 ],9.0,297.0,9.0,297.0
Sofyan Amrabat,[10.25 11.25 13.5 ],0.0,39.0,0.0,39.0
Joe Hugill,[ 0.25  0.25 26.5 ],0.0,31.0,0.0,31.0
Willy Kambwala,[ 3.25  5.25 14.5 ],0.0,27.0,0.0,27.0
Rhys Bennett,[ 0.25  0.25 45.5 ],0.0,50.0,0.0,50.0
Toby Collyer,[ 0.25  0.25 13.5 ],0.0,18.0,0.0,18.0
Habeeb Ogunneye,[ 0.25  0.25 12.5 ],0.0,17.0,0.0,17.0
Dermot Mee,[ 0.25  0.25 11.5 ],0.0,16.0,0.0,16.0
Harry Amass,[0.25 0.25 8.5 ],0.0,13.0,0.0,13.0
Ethan Wheatley,[0.25 3.25 4.5 ],0.0,12.0,0.0,12.0
Louis Jackson,[0.25 0.25 6.5 ],0.0,11.0,0.0,11.0
Lewis Hall,[16.25 11.25 55.5 ],1.0,86.0,0.0,87.0
Miguel AlmirÃ³n Rejala,[0.25 0.25 0.5 ],0.0,5.0,0.0,5.0
Elliot Anderson,[13.25 31.25 94.5 ],0.0,143.0,3.0,140.0
Harrison Ashby,[  0.25   1.25 106.5 ],0.0,112.0,0.0,112.0
Sven Botman,[39.25 14.25 23.5 ],2.0,79.0,4.0,77.0
Bruno GuimarÃ£es Rodriguez Moura,[0.25 0.25 0.5 ],0.0,5.0,0.0,5.0
Dan Burn,[135.25  26.25  45.5 ],5.0,206.0,3.0,208.0
Karl Darlow,[ 43.25   0.25 223.5 ],0.0,271.0,0.0,271.0
Martin Dubravka,[150.25   2.25  88.5 ],0.0,245.0,0.0,245.0
Ryan Fraser,[123.25  50.25 130.5 ],18.0,290.0,40.0,268.0
Mark Gillespie,[  0.25   0.25 115.5 ],0.0,120.0,0.0,120.0
Anthony Gordon,[69.25 47.25 63.5 ],19.0,165.0,20.0,164.0
Isaac Hayden,[ 91.25  27.25 110.5 ],4.0,229.0,8.0,225.0
Jeff Hendrick,[120.25  27.25 154.5 ],11.0,295.0,8.0,298.0
Alexander Isak,[41.25 11.25 21.5 ],31.0,47.0,6.0,72.0
Joelinton CÃ¡ssio ApolinÃ¡rio de Lira,[0.25 0.25 0.5 ],0.0,5.0,0.0,5.0
Emil Krafth,[ 52.25  19.25 119.5 ],1.0,194.0,3.0,192.0
Garang Kuol,[ 0.25  0.25 59.5 ],0.0,64.0,0.0,64.0
Jamaal Lascelles,[139.25  18.25 109.5 ],8.0,263.0,2.0,269.0
Jamal Lewis,[ 49.25  10.25 131.5 ],1.0,194.0,1.0,194.0
Sean Longstaff,[98.25 48.25 80.5 ],10.0,221.0,13.0,218.0
Javier Manquillo GaitÃ¡n,[0.25 0.25 0.5 ],0.0,5.0,0.0,5.0
Jacob Murphy,[ 70.25  80.25 116.5 ],11.0,260.0,20.0,251.0
Nick Pope,[179.25  14.25 111.5 ],0.0,309.0,0.0,309.0
Matt Ritchie,[112.25  33.25 121.5 ],8.0,263.0,23.0,248.0
Allan Saint-Maximin,[78.25 33.25 79.5 ],12.0,183.0,23.0,172.0
Fabian SchÃ¤r,[0.25 0.25 0.5 ],0.0,5.0,0.0,5.0
Matt Targett,[117.25  25.25 162.5 ],3.0,306.0,12.0,297.0
Sandro Tonali,[ 5.25  3.25 30.5 ],1.0,42.0,0.0,43.0
Kieran Trippier,[106.25  29.25 112.5 ],5.0,247.0,36.0,216.0
Kell Watts,[ 0.25  0.25 38.5 ],0.0,43.0,0.0,43.0
Joe Willock,[24.25 20.25 32.5 ],4.0,77.0,7.0,74.0
Callum Wilson,[157.25  51.25  96.5 ],83.0,226.0,34.0,275.0
Loris Karius,[ 30.25   0.25 154.5 ],0.0,189.0,0.0,189.0
Paul Dummett,[ 69.25  16.25 181.5 ],1.0,270.0,0.0,271.0
Harvey Barnes,[105.25  62.25  46.5 ],40.0,178.0,35.0,183.0
Tino Livramento,[36.25 20.25 58.5 ],2.0,117.0,2.0,117.0
Alex Murphy,[ 0.25  2.25 36.5 ],0.0,43.0,0.0,43.0
Lewis Miley,[14.25  4.25 37.5 ],1.0,59.0,3.0,57.0
Amadou Diallo,[ 0.25  1.25 26.5 ],0.0,32.0,0.0,32.0
Ben Parkinson,[ 0.25  1.25 26.5 ],0.0,32.0,0.0,32.0
Michael Ndiweni,[ 0.25  1.25 25.5 ],0.0,31.0,0.0,31.0
Joe White,[ 0.25  4.25 48.5 ],0.0,57.0,0.0,57.0
Travis Hernes,[ 0.25  0.25 17.5 ],0.0,22.0,0.0,22.0
Nuno Varela Tavares,[17.25 13.25 84.5 ],1.0,118.0,1.0,118.0
Matt Turner,[17.25  0.25 59.5 ],0.0,81.0,0.0,81.0
Callum Hudson-Odoi,[ 50.25  51.25 147.5 ],12.0,241.0,15.0,238.0
Anthony Elanga,[41.25 34.25 44.5 ],8.0,116.0,13.0,111.0
Brandon Aguilera Zamora,[ 0.25  1.25 37.5 ],0.0,43.0,0.0,43.0
Harry Arter,[ 67.25   6.25 117.5 ],2.0,193.0,5.0,190.0
Serge Aurier,[ 97.25  16.25 144.5 ],6.0,256.0,16.0,246.0
Taiwo Awoniyi,[23.25 24.25 29.5 ],16.0,65.0,4.0,77.0
Giulian Biancone,[ 0.25  2.25 74.5 ],0.0,81.0,0.0,81.0
Willy Boly,[114.25   6.25 108.5 ],7.0,226.0,4.0,229.0
Josh Bowler,[ 0.25  0.25 38.5 ],0.0,43.0,0.0,43.0
Steve Cook,[126.25  18.25  84.5 ],6.0,227.0,2.0,231.0
Danilo dos Santos de Oliveira,[32.25 10.25 15.5 ],5.0,57.0,4.0,58.0
Emmanuel Dennis,[33.25 19.25 60.5 ],12.0,105.0,9.0,108.0
Mohamed DrÃ¤ger,[0.25 0.25 0.5 ],0.0,5.0,0.0,5.0
Felipe Augusto de Almeida Monteiro,[19.25  4.25 33.5 ],0.0,61.0,1.0,60.0
Remo Freuler,[16.25 12.25 46.5 ],0.0,79.0,0.0,79.0
Morgan Gibbs-White,[ 68.25  52.25 108.5 ],11.0,222.0,26.0,207.0
Wayne Hennessey,[ 81.25   2.25 221.5 ],0.0,309.0,0.0,309.0
Ethan Horvath,[ 0.25  0.25 38.5 ],0.0,43.0,0.0,43.0
Cheikhou KouyatÃ©,[0.25 0.25 0.5 ],0.0,5.0,0.0,5.0
Richie Laryea,[ 0.25  0.25 76.5 ],0.0,81.0,0.0,81.0
Orel Mangala,[36.25 11.25 29.5 ],2.0,79.0,1.0,80.0
LoÃ¯c Mbe Soh,[0.25 0.25 0.5 ],0.0,5.0,0.0,5.0
Scott McKenna,[10.25 15.25 51.5 ],0.0,81.0,0.0,81.0
Alex Mighten,[ 0.25  1.25 75.5 ],0.0,81.0,0.0,81.0
Moussa NiakhatÃ©,[0.25 0.25 0.5 ],0.0,5.0,0.0,5.0
Lewis O'Brien,[ 0.25 13.25 63.5 ],1.0,80.0,0.0,81.0
Braian Ojeda RodrÃ­guez,[0.25 0.25 0.5 ],0.0,5.0,0.0,5.0
Jonathan Panzo,[ 0.25  0.25 76.5 ],0.0,81.0,0.0,81.0
Omar Richards,[ 0.25  0.25 76.5 ],0.0,81.0,0.0,81.0
Gustavo Henrique Furtado Scarpa,[ 2.25  4.25 53.5 ],0.0,64.0,0.0,64.0
Jonjo Shelvey,[115.25  22.25 129.5 ],11.0,260.0,11.0,260.0
Sam Surridge,[  0.25  26.25 102.5 ],1.0,132.0,0.0,133.0
Harry Toffolo,[18.25 24.25 34.5 ],1.0,80.0,3.0,78.0
Hwang Ui-jo,[ 0.25  0.25 38.5 ],0.0,43.0,0.0,43.0
Neco Williams,[ 30.25  40.25 104.5 ],1.0,178.0,3.0,176.0
Chris Wood,[167.25  50.25  45.5 ],68.0,199.0,9.0,258.0
Joe Worrall,[20.25 17.25 39.5 ],1.0,80.0,0.0,81.0
Ryan Yates,[32.25 29.25 15.5 ],1.0,80.0,4.0,77.0
Olu Aina,[20.25  2.25 16.5 ],1.0,42.0,1.0,42.0
George Shelvey,[ 0.25  0.25 51.5 ],0.0,56.0,0.0,56.0
Josh Powell,[ 0.25  0.25 38.5 ],0.0,43.0,0.0,43.0
Gonzalo Montiel,[ 8.25  6.25 22.5 ],0.0,41.0,2.0,39.0
Murillo Santiago Costa dos Santos,[32.25  0.25  3.5 ],0.0,40.0,2.0,38.0
Odysseas Vlachodimos,[ 5.25  0.25 29.5 ],0.0,39.0,0.0,39.0
Andrew Omobamidele,[12.25  4.25 56.5 ],1.0,76.0,0.0,77.0
NicolÃ¡s DomÃ­nguez,[0.25 0.25 0.5 ],0.0,5.0,0.0,5.0
Ibrahim SangarÃ©,[0.25 0.25 0.5 ],0.0,5.0,0.0,5.0
Divock Origi,[ 33.25  78.25 143.5 ],17.0,242.0,9.0,250.0
Jamie McDonnell,[ 0.25  0.25 18.5 ],0.0,23.0,0.0,23.0
Detlef Esapa Osong,[ 0.25  0.25 18.5 ],0.0,23.0,0.0,23.0
Joe Gardner,[ 0.25  0.25 18.5 ],0.0,23.0,0.0,23.0
Giovanni Reyna,[2.25 7.25 7.5 ],0.0,21.0,1.0,20.0
Matz Sels,[16.25  0.25  0.5 ],0.0,21.0,0.0,21.0
Rodrigo Duarte Ribeiro,[ 0.25  4.25 12.5 ],0.0,21.0,0.0,21.0
Auston Trusty,[28.25  4.25  6.5 ],0.0,43.0,0.0,43.0
Cameron Archer,[21.25 18.25 73.5 ],4.0,113.0,3.0,114.0
Mason Holgate,[113.25  23.25 168.5 ],3.0,306.0,7.0,302.0
James McAtee,[20.25 13.25 70.5 ],3.0,105.0,4.0,104.0
Anel AhmedhodÅ¾iÄ,[0.25 0.25 0.5 ],0.0,5.0,0.0,5.0
Jordan Amissah,[ 0.25  0.25 38.5 ],0.0,43.0,0.0,43.0
George Baldock,[79.25  4.25 31.5 ],2.0,117.0,8.0,111.0
Chris Basham,[72.25  5.25 37.5 ],0.0,119.0,2.0,117.0
Jayden Bogle,[43.25  7.25 26.5 ],5.0,76.0,3.0,78.0
Rhian Brewster,[14.25 26.25 79.5 ],0.0,124.0,0.0,124.0
Ismaila Coulibaly,[ 0.25  0.25 38.5 ],0.0,43.0,0.0,43.0
Adam Davies,[ 0.25  0.25 38.5 ],0.0,43.0,0.0,43.0
John Egan,[70.25  3.25 41.5 ],2.0,117.0,2.0,117.0
John Fleck,[56.25  9.25 49.5 ],5.0,114.0,5.0,114.0
Wes Foderingham,[29.25  1.25 46.5 ],0.0,81.0,0.0,81.0
Daniel Jebbison,[ 3.25  2.25 37.5 ],1.0,46.0,0.0,47.0
Max Lowe,[ 9.25  9.25 58.5 ],0.0,81.0,1.0,80.0
Oliver McBurnie,[51.25 45.25 92.5 ],13.0,180.0,7.0,186.0
Iliman Ndiaye,[ 0.25  1.25 54.5 ],0.0,60.0,0.0,60.0
Rhys Norrington-Davies,[ 2.25  3.25 33.5 ],0.0,43.0,0.0,43.0
Oliver Norwood,[76.25 21.25 55.5 ],2.0,155.0,3.0,154.0
Ben Osborn,[36.25 25.25 53.5 ],1.0,118.0,2.0,117.0
William Osula,[ 9.25 12.25 18.5 ],0.0,44.0,1.0,43.0
Jack Robinson,[47.25  4.25 39.5 ],1.0,94.0,3.0,92.0
Anis Slimane,[ 4.25 11.25 23.5 ],0.0,43.0,0.0,43.0
Yasser Larouci,[ 6.25  5.25 27.5 ],0.0,43.0,0.0,43.0
BÃ©nie TraorÃ©,[0.25 0.25 0.5 ],0.0,5.0,0.0,5.0
Vini de Souza Costa,[29.25  7.25  2.5 ],1.0,42.0,1.0,42.0
Femi Seriki,[ 0.25  1.25 39.5 ],0.0,45.0,0.0,45.0
Louie Marsh,[ 0.25  0.25 38.5 ],0.0,43.0,0.0,43.0
Andre Brooks,[12.25  8.25 18.5 ],0.0,43.0,0.0,43.0
Antwoine Hackford,[ 0.25  3.25 57.5 ],0.0,65.0,0.0,65.0
Gustavo Hamer,[34.25  2.25  1.5 ],4.0,38.0,7.0,35.0
Tom Davies,[ 88.25  74.25 141.5 ],6.0,302.0,7.0,301.0
Luke Thomas,[54.25 14.25 84.5 ],1.0,156.0,3.0,154.0
Ryan OnÃ©,[0.25 0.25 0.5 ],0.0,5.0,0.0,5.0
Jili Buyabu,[ 0.25  0.25 30.5 ],0.0,35.0,0.0,35.0
Sydie Peck,[ 0.25  1.25 22.5 ],0.0,28.0,0.0,28.0
Ben Brereton,[14.25  0.25  4.5 ],6.0,17.0,1.0,22.0
Ivo Grbic,[9.25 0.25 8.5 ],0.0,22.0,0.0,22.0
Billy Blacker,[ 0.25  0.25 14.5 ],0.0,19.0,0.0,19.0
Oliver Arblaster,[11.25  1.25  2.5 ],0.0,19.0,0.0,19.0
Dovydas Sasnauskas,[ 0.25  0.25 13.5 ],0.0,18.0,0.0,18.0
Sam Curtis,[ 0.25  1.25 12.5 ],0.0,18.0,0.0,18.0
Owen Hampson,[0.25 0.25 6.5 ],0.0,11.0,0.0,11.0
Brennan Johnson,[47.25 26.25  3.5 ],13.0,68.0,17.0,64.0
Brandon Austin,[  0.25   0.25 130.5 ],0.0,135.0,0.0,135.0
Rodrigo Bentancur,[33.25 25.25 36.5 ],6.0,93.0,7.0,92.0
Yves Bissouma,[119.25  44.25  65.5 ],3.0,230.0,2.0,231.0
Bryan Gil Salvatierra,[ 4.25 20.25 90.5 ],0.0,119.0,1.0,118.0
Ben Davies,[151.25  43.25 203.5 ],7.0,395.0,19.0,383.0
Eric Dier,[178.25  31.25  95.5 ],7.0,302.0,6.0,303.0
Emerson Leite de Souza Junior,[21.25 27.25 28.5 ],3.0,78.0,2.0,79.0
Fraser Forster,[ 99.25   1.25 204.5 ],0.0,309.0,0.0,309.0
Pierre-Emile HÃ¸jbjerg,[0.25 0.25 0.5 ],0.0,5.0,0.0,5.0
Harry Kane,[213.25  21.25  70.5 ],163.0,146.0,51.0,258.0
Dejan Kulusevski,[63.25 21.25 10.5 ],15.0,84.0,19.0,80.0
Hugo Lloris,[209.25  16.25  79.5 ],0.0,309.0,0.0,309.0
Giovani Lo Celso,[31.25 46.25 75.5 ],3.0,154.0,6.0,151.0
James Maddison,[155.25  36.25  37.5 ],47.0,186.0,50.0,183.0
Tanguy NdombÃ©lÃ© Alvaro,[0.25 0.25 0.5 ],0.0,5.0,0.0,5.0
Pedro Porro,[48.25  2.25  5.5 ],6.0,54.0,11.0,49.0
Ivan PeriÅ¡iÄ,[0.25 0.25 0.5 ],0.0,5.0,0.0,5.0
Richarlison de Andrade,[184.25  44.25  38.5 ],60.0,211.0,37.0,234.0
Joe Rodon,[  9.25   6.25 161.5 ],0.0,181.0,0.0,181.0
Cristian Romero,[73.25  9.25 32.5 ],6.0,113.0,2.0,117.0
Davinson SÃ¡nchez,[0.25 0.25 0.5 ],0.0,5.0,0.0,5.0
Pape Matar Sarr,[29.25 16.25 31.5 ],3.0,78.0,4.0,77.0
Ryan Sessegnon,[ 39.25  34.25 155.5 ],4.0,229.0,11.0,222.0
Oliver Skipp,[ 37.25  40.25 144.5 ],1.0,225.0,0.0,226.0
Son Heung-min,[55.25 16.25  5.5 ],27.0,54.0,16.0,65.0
Djed Spence,[ 0.25  4.25 72.5 ],0.0,81.0,0.0,81.0
Japhet Tanganga,[ 22.25   5.25 145.5 ],0.0,177.0,0.0,177.0
Destiny Udogie,[28.25  0.25 10.5 ],2.0,41.0,3.0,40.0
Guglielmo Vicario,[38.25  0.25  0.5 ],0.0,43.0,0.0,43.0
Alfie Whiteman,[  0.25   0.25 132.5 ],0.0,137.0,0.0,137.0
Manor Solomon,[ 6.25 18.25 52.5 ],4.0,77.0,2.0,79.0
Micky van de Ven,[27.25  0.25 11.5 ],3.0,40.0,0.0,43.0
Dane Scarlett,[  0.25   6.25 125.5 ],0.0,136.0,0.0,136.0
Alejo VÃ©liz,[0.25 0.25 0.5 ],0.0,5.0,0.0,5.0
Ashley Phillips,[ 0.25  0.25 35.5 ],0.0,40.0,0.0,40.0
Jamie Donley,[ 0.25  3.25 29.5 ],0.0,37.0,0.0,37.0
Alfie Dorrington,[ 0.25  0.25 27.5 ],0.0,32.0,0.0,32.0
Yago de Santiago Alonso,[ 0.25  0.25 26.5 ],0.0,31.0,0.0,31.0
Timo Werner,[53.25 16.25 63.5 ],12.0,125.0,18.0,119.0
Radu Dragusin,[4.25 5.25 9.5 ],0.0,23.0,0.0,23.0
Mikey Moore,[0.25 2.25 4.5 ],0.0,11.0,0.0,11.0
Tyrese Hall,[0.25 0.25 3.5 ],0.0,8.0,0.0,8.0
Kalvin Phillips,[48.25 25.25 78.5 ],1.0,155.0,3.0,153.0
Nayef Aguerd,[38.25  1.25 37.5 ],3.0,78.0,0.0,81.0
Michail Antonio,[170.25  58.25  76.5 ],59.0,250.0,42.0,267.0
Alphonse Areola,[70.25  3.25 79.5 ],0.0,157.0,0.0,157.0
SaÃ¯d Benrahma,[0.25 0.25 0.5 ],0.0,5.0,0.0,5.0
Jarrod Bowen,[131.25  35.25  37.5 ],43.0,165.0,42.0,166.0
Maxwel Cornet,[21.25 26.25 63.5 ],10.0,105.0,2.0,113.0
VladimÃ­r Coufal,[0.25 0.25 0.5 ],0.0,5.0,0.0,5.0
Conor Coventry,[  0.25   1.25 160.5 ],0.0,166.0,0.0,166.0
Aaron Cresswell,[187.25  32.25  85.5 ],6.0,303.0,26.0,283.0
Flynn Downes,[ 4.25 17.25 55.5 ],0.0,81.0,0.0,81.0
Emerson Palmieri dos Santos,[ 70.25  21.25 150.5 ],2.0,244.0,5.0,241.0
Lukasz Fabianski,[237.25  19.25  48.5 ],0.0,309.0,0.0,309.0
Pablo Fornals Malla,[12.25 35.25 29.5 ],3.0,78.0,1.0,80.0
Danny Ings,[111.25  73.25 120.5 ],58.0,251.0,20.0,289.0
Ben Johnson,[ 30.25  39.25 156.5 ],2.0,228.0,0.0,230.0
Thilo Kehrer,[13.25 18.25 43.5 ],0.0,79.0,3.0,76.0
Divin Mubama,[ 0.25  8.25 53.5 ],0.0,66.0,0.0,66.0
Lucas Tolentino Coelho de Lima,[52.25  7.25 13.5 ],8.0,69.0,11.0,66.0
Gianluca Scamacca,[ 3.25 13.25 60.5 ],3.0,78.0,0.0,81.0
TomÃ¡Å¡ SouÄek,[0.25 0.25 0.5 ],0.0,5.0,0.0,5.0
Nikola VlaÅ¡iÄ,[0.25 0.25 0.5 ],0.0,5.0,0.0,5.0
Kurt Zouma,[175.25  34.25  94.5 ],14.0,294.0,4.0,304.0
Angelo Ogbonna,[161.25  12.25 131.5 ],8.0,301.0,1.0,308.0
Edson Ãlvarez VelÃ¡zquez,[0.25 0.25 0.5 ],0.0,5.0,0.0,5.0
Joseph Anang,[ 0.25  0.25 77.5 ],0.0,82.0,0.0,82.0
James Ward-Prowse,[231.25  42.25  30.5 ],53.0,255.0,36.0,272.0
Konstantinos Mavropanos,[ 19.25   7.25 141.5 ],1.0,171.0,0.0,172.0
Mohammed Kudus,[27.25  6.25  2.5 ],8.0,32.0,9.0,31.0
Lewis Orford,[ 0.25  0.25 19.5 ],0.0,24.0,0.0,24.0
Kaelan Casey,[ 0.25  1.25 34.5 ],0.0,40.0,0.0,40.0
Oliver Scarles,[ 0.25  0.25 18.5 ],0.0,23.0,0.0,23.0
Callum Marshall,[ 0.25  0.25 18.5 ],0.0,23.0,0.0,23.0
George Earthy,[ 0.25  3.25 10.5 ],1.0,17.0,0.0,18.0
Tommy Doyle,[11.25 16.25 94.5 ],0.0,126.0,0.0,126.0
Rayan AÃ¯t-Nouri,[0.25 0.25 0.5 ],0.0,5.0,0.0,5.0
Daniel Bentley,[ 5.25  2.25 49.5 ],0.0,61.0,0.0,61.0
BendegÃºz Bolla,[0.25 0.25 0.5 ],0.0,5.0,0.0,5.0
Hugo Bueno LÃ³pez,[0.25 0.25 0.5 ],0.0,5.0,0.0,5.0
Francisco Jorge TomÃ¡s Oliveira,[0.25 0.25 0.5 ],0.0,5.0,0.0,5.0
Luke Cundle,[  2.25   2.25 159.5 ],0.0,168.0,0.0,168.0
Craig Dawson,[188.25  12.25  62.5 ],15.0,252.0,6.0,261.0
FÃ¡bio Silva,[0.25 0.25 0.5 ],0.0,5.0,0.0,5.0
GonÃ§alo Manuel Ganchinho Guedes,[0.25 0.25 0.5 ],0.0,5.0,0.0,5.0
Joe Hodge,[ 0.25  0.25 38.5 ],0.0,43.0,0.0,43.0
Ki-Jana Hoever,[  8.25  12.25 103.5 ],0.0,128.0,0.0,128.0
Hwang Hee-chan,[34.25 22.25 20.5 ],15.0,66.0,5.0,76.0
JoÃ£o Victor Gomes da Silva,[0.25 0.25 0.5 ],0.0,5.0,0.0,5.0
Jonathan Castro Otto,[ 84.25  23.25 121.5 ],6.0,227.0,6.0,227.0
Bruno Cavaco JordÃ£o,[0.25 0.25 0.5 ],0.0,5.0,0.0,5.0
Sasa Kalajdzic,[ 1.25 11.25 59.5 ],2.0,74.0,0.0,76.0
Max Kilman,[107.25  20.25  83.5 ],3.0,212.0,3.0,212.0
Tom King,[ 0.25  0.25 38.5 ],0.0,43.0,0.0,43.0
Mario Lemina,[105.25  23.25  82.5 ],7.0,208.0,6.0,209.0
Pedro Lomba Neto,[64.25 47.25 79.5 ],11.0,184.0,25.0,170.0
Daniel Castelo Podence,[48.25 43.25 75.5 ],12.0,159.0,7.0,164.0
JosÃ© Malheiro de SÃ¡,[0.25 0.25 0.5 ],0.0,5.0,0.0,5.0
Pablo Sarabia,[29.25 14.25 14.5 ],5.0,57.0,7.0,55.0
Matija Å arkiÄ,[0.25 0.25 0.5 ],0.0,5.0,0.0,5.0
NÃ©lson Cabral Semedo,[0.25 0.25 0.5 ],0.0,5.0,0.0,5.0
Toti AntÃ³nio Gomes,[0.25 0.25 0.5 ],0.0,5.0,0.0,5.0
Boubacar TraorÃ©,[0.25 0.25 0.5 ],0.0,5.0,0.0,5.0
Matheus Santos Carneiro Da Cunha,[41.25  8.25 10.5 ],14.0,50.0,7.0,57.0
Matt Doherty,[100.25  48.25  80.5 ],12.0,221.0,22.0,211.0
Santiago Bueno,[ 9.25  3.25 23.5 ],0.0,40.0,0.0,40.0
Enso GonzÃ¡lez,[0.25 0.25 0.5 ],0.0,5.0,0.0,5.0
Nathan Fraser,[ 1.25  6.25 53.5 ],0.0,65.0,0.0,65.0
Jean-Ricner Bellegarde,[10.25 12.25 12.5 ],2.0,37.0,2.0,37.0
Matthew Whittingham,[ 0.25  0.25 25.5 ],0.0,30.0,0.0,30.0
Tawanda Chirewa,[ 1.25  7.25 17.5 ],0.0,30.0,0.0,30.0
Justin Hubner,[ 0.25  0.25 25.5 ],0.0,30.0,0.0,30.0
Owen Hesketh,[ 0.25  0.25 21.5 ],0.0,26.0,0.0,26.0
Ty Barnett,[ 0.25  0.25 21.5 ],0.0,26.0,0.0,26.0
Harvey Griffiths,[ 0.25  0.25 43.5 ],0.0,48.0,0.0,48.0
Yerson Mosquera,[ 0.25  0.25 18.5 ],0.0,23.0,0.0,23.0
Noha Lemina,[ 0.25  0.25 17.5 ],0.0,22.0,0.0,22.0
Wesley Okoduwa,[ 0.25  0.25 12.5 ],0.0,17.0,0.0,17.0
Leon Chiwome,[2.25 1.25 8.5 ],0.0,16.0,0.0,16.0
Fletcher Holman,[ 0.25  0.25 10.5 ],0.0,15.0,0.0,15.0
Temple Ojinnaka,[0.25 0.25 6.5 ],0.0,11.0,0.0,11.0
